product,country,correction_bnusd_per_mt
dairy,AFG,-0.002956066746264696
dairy,AGO,-0.013745703035965562
dairy,ALB,-0.006475607166066766
dairy,ARE,0.02166279498487711
dairy,ARG,-0.03028382733464241
dairy,ARM,0.004942059284076095
dairy,ASM,0.18251490592956543
dairy,ATG,0.006173242814838886
dairy,AUS,-0.07192870043218136
dairy,AUT,-0.0010334164835512638
dairy,AZE,0.017198581248521805
dairy,BDI,-0.023701677098870277
dairy,BEL,-0.004472295520827174
dairy,BEN,-0.009302016347646713
dairy,BFA,-0.012085335678420961
dairy,BGD,-0.017604921013116837
dairy,BGR,-0.00029457174241542816
dairy,BHS,-0.014117749407887459
dairy,BIH,0.0071479557082057
dairy,BLR,-0.0475624343380332
dairy,BLZ,-0.013398939743638039
dairy,BOL,-0.007382274154224433
dairy,BRA,-0.004352617426775396
dairy,BRB,0.017027003224939108
dairy,BRN,-0.010013965191319585
dairy,BTN,-0.01195468520745635
dairy,BWA,0.0028715897351503372
dairy,CAF,-0.026218018785584718
dairy,CAN,0.042567770928144455
dairy,CHE,-0.004671141970902681
dairy,CHL,-0.030472672544419765
dairy,CHN,0.02100240346044302
dairy,CIV,-0.009642374876420945
dairy,CMR,-0.026768536306917667
dairy,COD,-0.02114454924594611
dairy,COG,-0.02476895321160555
dairy,COL,-0.009784945286810398
dairy,COM,0.0010207965970039368
dairy,CPV,-0.005617509596049786
dairy,CRI,-0.009909574873745441
dairy,CUB,-0.014203925151377916
dairy,CYP,-0.004343950975453481
dairy,CZE,-0.0058543408958939835
dairy,DEU,0.0016925063682720065
dairy,DJI,0.00014580771676264703
dairy,DNK,-0.02147988835349679
dairy,DOM,-0.008175328839570284
dairy,DZA,0.0008636144921183586
dairy,ECU,-0.01824825257062912
dairy,EGY,-0.003921642899513245
dairy,ERI,-0.018100850778864697
dairy,ESP,-0.006604521535336971
dairy,EST,-0.029129995731636882
dairy,ETH,-0.01954493299126625
dairy,FIN,0.02851300686597824
dairy,FJI,-0.04417099244892597
dairy,FRA,-0.02534844819456339
dairy,GAB,-0.014044171199202538
dairy,GBR,0.0016843274352140725
dairy,GEO,0.016393965110182762
dairy,GHA,-0.013162367511540651
dairy,GIN,-0.011005342938005924
dairy,GMB,-0.004670136142522097
dairy,GNB,-0.017415480921044946
dairy,GNQ,0.006248742341995239
dairy,GRC,0.009918176918290555
dairy,GRD,-0.011811538599431515
dairy,GTM,-0.027293472667224705
dairy,GUF,0.013115986250340939
dairy,GUY,0.008349525625817478
dairy,HND,-0.03176198876462877
dairy,HRV,-0.010559590766206384
dairy,HTI,-0.014443536812905222
dairy,HUN,0.007612619432620704
dairy,IDN,-0.029399712570011616
dairy,IND,-0.010053225792944431
dairy,IRL,-0.06230509839951992
dairy,IRN,0.014405157417058945
dairy,IRQ,0.0003307375591248274
dairy,ISL,-0.025202820068670917
dairy,ISR,0.008571547165047377
dairy,ITA,-0.012319570872932673
dairy,JAM,-0.028772685676813126
dairy,JOR,0.0384389478713274
dairy,JPN,-0.004755106754601002
dairy,KAZ,0.021214320324361324
dairy,KEN,-0.024235442280769348
dairy,KGZ,0.010422804858535528
dairy,KHM,-0.026005566120147705
dairy,KOR,0.014006562530994415
dairy,LAO,0.0025518100010231137
dairy,LBN,0.044695666059851646
dairy,LBR,-0.005097697488963604
dairy,LBY,0.006919023094269505
dairy,LKA,0.0074258900713175535
dairy,LSO,-0.018305990379303694
dairy,LTU,-0.037188082467764616
dairy,LUX,-0.05533266067504883
dairy,LVA,-0.008455675615550717
dairy,MAR,-0.014637779910117388
dairy,MDA,0.01281161094084382
dairy,MDG,-0.015115381218492985
dairy,MEX,0.013052695896476507
dairy,MKD,0.0037387702614068985
dairy,MLI,-0.013083601603284478
dairy,MLT,-0.01318632997572422
dairy,MMR,-0.015570172225125134
dairy,MNE,0.013970442581921816
dairy,MNG,-0.010320392437279224
dairy,MOZ,0.00016377863357774913
dairy,MRT,-0.013011674163863063
dairy,MUS,0.011511277174577117
dairy,MWI,-0.010897936299443245
dairy,MYS,-0.03157370910048485
dairy,NAM,-0.013049486093223095
dairy,NER,-0.020218851044774055
dairy,NGA,-0.00946266785467742
dairy,NIC,-0.04063663352280855
dairy,NLD,-0.06843984127044678
dairy,NOR,-0.0036871342454105616
dairy,NPL,-0.015603651874698699
dairy,NZL,-0.2037956491112709
dairy,OMN,-0.0042326918337494135
dairy,PAK,-0.032416884787380695
dairy,PAN,-0.023219761613290757
dairy,PER,0.009569523157551885
dairy,PHL,-0.010994844604283571
dairy,PNG,-0.06148397922515869
dairy,POL,-0.004863756708800793
dairy,PRI,0.00142302131280303
dairy,PRT,-0.0004133651964366436
dairy,PRY,-0.011881416197866201
dairy,PSE,0.03563362918794155
dairy,ROU,0.007894873735494912
dairy,RUS,0.04938260838389397
dairy,RWA,-0.022322680160868913
dairy,SAU,0.05417289957404137
dairy,SDN,-0.018152597127482295
dairy,SEN,-0.017284231260418892
dairy,SLB,-0.018019232898950577
dairy,SLE,-0.014643538743257523
dairy,SLV,-0.016202429309487343
dairy,SOM,-0.02846987242810428
dairy,SRB,-0.005352284768378013
dairy,SSD,-0.026087588630616665
dairy,STP,-0.001981876790523529
dairy,SUR,0.0013604654232040048
dairy,SVK,0.004837028216570616
dairy,SVN,-0.006657677236944437
dairy,SWE,-0.0030294451862573624
dairy,SWZ,-0.009117187932133675
dairy,SYR,0.013135358691215515
dairy,TCD,-0.04948555305600166
dairy,TGO,-0.011234951205551624
dairy,THA,-0.0002962052822113037
dairy,TJK,0.00888939923606813
dairy,TKM,-0.004597465209371876
dairy,TLS,-0.007137476932257414
dairy,TTO,-0.003705159993842244
dairy,TUN,0.0018185954540967941
dairy,TUR,0.006977803539484739
dairy,TWN,0.04951891675591469
dairy,TZA,-0.027356388047337532
dairy,UGA,-0.03193951025605202
dairy,UKR,0.009717976907268167
dairy,URY,-0.03920607641339302
dairy,USA,0.016279802657663822
dairy,UZB,-0.004336382728070021
dairy,VEN,-0.01972477976232767
dairy,VNM,-0.016182979568839073
dairy,VUT,-0.05373043194413185
dairy,YEM,-0.0040085637010633945
dairy,ZAF,9.367894381284714e-05
dairy,ZMB,-0.0067505124025046825
dairy,ZWE,-0.005418404936790466
dairy-buffalo,AFG,0.020036990754306316
dairy-buffalo,AGO,0.04631279222667217
dairy-buffalo,ALB,0.04695568233728409
dairy-buffalo,ARE,0.03777693398296833
dairy-buffalo,ARG,0.1264660730957985
dairy-buffalo,ARM,0.021004012785851955
dairy-buffalo,ASM,0.26239998638629913
dairy-buffalo,ATG,0.09838557243347168
dairy-buffalo,AUS,0.05773340351879597
dairy-buffalo,AUT,0.054963959380984306
dairy-buffalo,AZE,0.013976292684674263
dairy-buffalo,BDI,0.035902553237974644
dairy-buffalo,BEL,0.05117606744170189
dairy-buffalo,BEN,0.061309365555644035
dairy-buffalo,BFA,0.05376043915748596
dairy-buffalo,BGD,-0.013341534708160907
dairy-buffalo,BGR,0.054808877408504486
dairy-buffalo,BHS,0.0730263446457684
dairy-buffalo,BIH,0.034125640988349915
dairy-buffalo,BLR,0.031241634860634804
dairy-buffalo,BLZ,0.0867121908813715
dairy-buffalo,BOL,0.12213117629289627
dairy-buffalo,BRA,0.11062416806817055
dairy-buffalo,BRB,0.09401766955852509
dairy-buffalo,BRN,-0.01715433271601796
dairy-buffalo,BTN,-0.0
dairy-buffalo,BWA,0.04395068623125553
dairy-buffalo,CAF,0.037138200365006924
dairy-buffalo,CAN,0.15042266994714737
dairy-buffalo,CHE,0.05271434411406517
dairy-buffalo,CHL,0.11455275863409042
dairy-buffalo,CHN,-0.019470275845378637
dairy-buffalo,CIV,0.06087058596313
dairy-buffalo,CMR,0.040638392791152
dairy-buffalo,COD,0.03507254831492901
dairy-buffalo,COG,0.03115139063447714
dairy-buffalo,COL,0.11176755279302597
dairy-buffalo,COM,0.05564840883016586
dairy-buffalo,CPV,0.06510124914348125
dairy-buffalo,CRI,0.06910570245236158
dairy-buffalo,CUB,0.08996572159230709
dairy-buffalo,CYP,0.006340067368000746
dairy-buffalo,CZE,0.05131705291569233
dairy-buffalo,DEU,0.057992152869701385
dairy-buffalo,DJI,0.03029636014252901
dairy-buffalo,DNK,0.05630657263100147
dairy-buffalo,DOM,0.09484773688018322
dairy-buffalo,DZA,0.05992257222533226
dairy-buffalo,ECU,0.09027398750185966
dairy-buffalo,EGY,0.01242209947668016
dairy-buffalo,ERI,0.0266098752617836
dairy-buffalo,ESP,0.0464131236076355
dairy-buffalo,EST,0.036264644004404545
dairy-buffalo,ETH,0.030239316634833813
dairy-buffalo,FIN,0.06671357899904251
dairy-buffalo,FJI,0.06357072293758392
dairy-buffalo,FRA,0.04652656428515911
dairy-buffalo,GAB,0.034112004563212395
dairy-buffalo,GBR,0.04873003624379635
dairy-buffalo,GEO,0.015725767239928246
dairy-buffalo,GHA,0.06241089291870594
dairy-buffalo,GIN,0.06633568927645683
dairy-buffalo,GMB,0.06177189387381077
dairy-buffalo,GNB,0.058160318061709404
dairy-buffalo,GNQ,0.04829482547938824
dairy-buffalo,GRC,0.027833455242216587
dairy-buffalo,GRD,0.09110567532479763
dairy-buffalo,GTM,0.0803961819037795
dairy-buffalo,GUF,0.13659479469060898
dairy-buffalo,GUY,0.12327324971556664
dairy-buffalo,HND,0.07222957350313663
dairy-buffalo,HRV,0.03439511265605688
dairy-buffalo,HTI,0.09284409694373608
dairy-buffalo,HUN,0.05077744275331497
dairy-buffalo,IDN,-0.019276426639407873
dairy-buffalo,IND,-0.010979317128658295
dairy-buffalo,IRL,0.0539234783500433
dairy-buffalo,IRN,0.03473762050271034
dairy-buffalo,IRQ,0.0049762974958866835
dairy-buffalo,ISL,0.06023479625582695
dairy-buffalo,ISR,0.01099881052505225
dairy-buffalo,ITA,0.04311135411262512
dairy-buffalo,JAM,0.07209661789238453
dairy-buffalo,JOR,0.012978431535884738
dairy-buffalo,JPN,0.018168868497014046
dairy-buffalo,KAZ,0.01643042778596282
dairy-buffalo,KEN,0.0390146616846323
dairy-buffalo,KGZ,0.014157133642584085
dairy-buffalo,KHM,-0.0
dairy-buffalo,KOR,0.0006043834146112204
dairy-buffalo,LAO,0.0008058256353251636
dairy-buffalo,LBN,0.022597904317080975
dairy-buffalo,LBR,0.060603754594922066
dairy-buffalo,LBY,0.06793351471424103
dairy-buffalo,LKA,0.002635856857523322
dairy-buffalo,LSO,0.039053795859217644
dairy-buffalo,LTU,0.03335892595350742
dairy-buffalo,LUX,0.04870167002081871
dairy-buffalo,LVA,0.05457822419703007
dairy-buffalo,MAR,0.06034277006983757
dairy-buffalo,MDA,0.055487580597400665
dairy-buffalo,MDG,0.04815008118748665
dairy-buffalo,MEX,0.15956120938062668
dairy-buffalo,MKD,0.04518452659249306
dairy-buffalo,MLI,0.058442458510398865
dairy-buffalo,MLT,0.03019639477133751
dairy-buffalo,MMR,-0.010885996744036674
dairy-buffalo,MNE,0.02838268969208002
dairy-buffalo,MNG,0.0028289188630878925
dairy-buffalo,MOZ,-0.0
dairy-buffalo,MRT,0.054907746613025665
dairy-buffalo,MUS,0.0589243546128273
dairy-buffalo,MWI,0.051493534818291664
dairy-buffalo,MYS,-0.010478401323780417
dairy-buffalo,NAM,0.04596025496721268
dairy-buffalo,NER,0.05526409670710564
dairy-buffalo,NGA,0.06945203244686127
dairy-buffalo,NIC,0.07007420621812344
dairy-buffalo,NLD,0.04300197213888168
dairy-buffalo,NOR,0.047100409865379333
dairy-buffalo,NPL,-0.014161106126266532
dairy-buffalo,NZL,0.06462327390909195
dairy-buffalo,OMN,0.019380933605134487
dairy-buffalo,PAK,-0.032416658475995064
dairy-buffalo,PAN,0.054990014992654324
dairy-buffalo,PER,0.12817956507205963
dairy-buffalo,PHL,0.000708119769115001
dairy-buffalo,PNG,0.05782080814242363
dairy-buffalo,POL,0.0483652725815773
dairy-buffalo,PRI,0.0943896472454071
dairy-buffalo,PRT,0.05569802410900593
dairy-buffalo,PRY,0.17029567807912827
dairy-buffalo,PSE,0.022983265109360218
dairy-buffalo,ROU,0.051360202953219414
dairy-buffalo,RUS,0.023253258783370256
dairy-buffalo,RWA,0.03572084475308657
dairy-buffalo,SAU,0.011844041524454951
dairy-buffalo,SDN,0.03233752120286226
dairy-buffalo,SEN,0.055004892870783806
dairy-buffalo,SLB,0.06918087229132652
dairy-buffalo,SLE,0.05756983906030655
dairy-buffalo,SLV,0.07672087382525206
dairy-buffalo,SOM,0.02783349622040987
dairy-buffalo,SRB,0.050760455429553986
dairy-buffalo,SSD,0.02585283713415265
dairy-buffalo,STP,0.04720424860715866
dairy-buffalo,SUR,0.10651639848947525
dairy-buffalo,SVK,0.04088084027171135
dairy-buffalo,SVN,0.05023290775716305
dairy-buffalo,SWE,0.03233172185719013
dairy-buffalo,SWZ,0.000355635944288224
dairy-buffalo,SYR,0.01600785693153739
dairy-buffalo,TCD,0.002328021451830864
dairy-buffalo,TGO,0.06284870952367783
dairy-buffalo,THA,0.0071238926611840725
dairy-buffalo,TJK,0.014912648126482964
dairy-buffalo,TKM,0.0245650140568614
dairy-buffalo,TLS,0.005562236532568932
dairy-buffalo,TTO,0.0921990666538477
dairy-buffalo,TUN,0.06031881831586361
dairy-buffalo,TUR,0.01526491972617805
dairy-buffalo,TWN,0.006342662498354912
dairy-buffalo,TZA,0.0384045597165823
dairy-buffalo,UGA,0.027404743246734142
dairy-buffalo,UKR,0.0384058952331543
dairy-buffalo,URY,0.12128842994570732
dairy-buffalo,USA,0.18484798073768616
dairy-buffalo,UZB,0.008484367281198502
dairy-buffalo,VEN,0.08439255505800247
dairy-buffalo,VNM,-0.00903416145592928
dairy-buffalo,VUT,0.059577858075499535
dairy-buffalo,YEM,0.035262541845440865
dairy-buffalo,ZAF,0.049684252589941025
dairy-buffalo,ZMB,0.052151160314679146
dairy-buffalo,ZWE,0.041635675355792046
eggs,AFG,-0.002817989094182849
eggs,AGO,-0.02453334629535675
eggs,ALB,0.034027308225631714
eggs,ARE,0.008199206553399563
eggs,ARG,0.0023365721572190523
eggs,ARM,0.0002866839349735528
eggs,ASM,0.13595670461654663
eggs,ATG,-0.013744167983531952
eggs,AUS,-0.0029766003135591745
eggs,AUT,0.018479974940419197
eggs,AZE,0.02565890923142433
eggs,BDI,-0.025372298434376717
eggs,BEL,0.006784574128687382
eggs,BEN,-0.009402679279446602
eggs,BFA,-0.007434176281094551
eggs,BGD,-0.020799031481146812
eggs,BGR,0.024488946422934532
eggs,BHS,-0.00045731625868938863
eggs,BIH,0.017274631187319756
eggs,BLR,0.009577596560120583
eggs,BLZ,-0.008036099374294281
eggs,BOL,-0.01328617986291647
eggs,BRA,0.004728689324110746
eggs,BRB,-0.0062964740209281445
eggs,BRN,-0.024163907393813133
eggs,BTN,-0.021385930478572845
eggs,BWA,-0.023494957014918327
eggs,CAF,-0.02229425497353077
eggs,CAN,0.012816221453249454
eggs,CHE,0.0037602190859615803
eggs,CHL,-0.012908535078167915
eggs,CHN,-0.026454487815499306
eggs,CIV,0.0016623487463220954
eggs,CMR,-0.014305997639894485
eggs,COD,-0.023864205926656723
eggs,COG,-0.017343394458293915
eggs,COL,-0.01937965676188469
eggs,COM,-0.026976555585861206
eggs,CPV,0.004140792414546013
eggs,CRI,-0.0013776752166450024
eggs,CUB,0.004005115479230881
eggs,CYP,-0.0
eggs,CZE,0.022628212347626686
eggs,DEU,0.02736050821840763
eggs,DJI,-0.0
eggs,DNK,0.016366975381970406
eggs,DOM,-0.0031874431297183037
eggs,DZA,0.014075110666453838
eggs,ECU,-0.018463943153619766
eggs,EGY,-0.011622969061136246
eggs,ERI,-0.010851370170712471
eggs,ESP,0.017564814537763596
eggs,EST,0.0367693193256855
eggs,ETH,-0.004989021457731724
eggs,FIN,0.03424813970923424
eggs,FJI,-0.0025145162362605333
eggs,FRA,0.0250272024422884
eggs,GAB,-0.020525535568594933
eggs,GBR,0.021628761664032936
eggs,GEO,0.020233700051903725
eggs,GHA,0.0007251923088915646
eggs,GIN,-0.009971787221729755
eggs,GMB,0.004050056450068951
eggs,GNB,-0.011487312614917755
eggs,GNQ,-0.0072131073102355
eggs,GRC,0.04361061006784439
eggs,GRD,-0.016810741275548935
eggs,GTM,-0.00194746523629874
eggs,GUF,0.01703108660876751
eggs,GUY,-0.010868488810956478
eggs,HND,-0.01318762544542551
eggs,HRV,0.024423925206065178
eggs,HTI,-0.007370627485215664
eggs,HUN,0.01923586241900921
eggs,IDN,-0.02545200288295746
eggs,IND,-0.013499246910214424
eggs,IRL,0.004907617345452309
eggs,IRN,-0.004541832488030195
eggs,IRQ,0.013878030702471733
eggs,ISL,-0.02897528000175953
eggs,ISR,0.001896403031423688
eggs,ITA,0.005813379772007465
eggs,JAM,-0.013521043583750725
eggs,JOR,0.002471210202202201
eggs,JPN,-0.06700111925601959
eggs,KAZ,0.004688120447099209
eggs,KEN,-0.032687801867723465
eggs,KGZ,-0.0023420953657478094
eggs,KHM,-0.012931443750858307
eggs,KOR,-0.06593665480613708
eggs,LAO,-0.028119022026658058
eggs,LBN,0.0006830004276707768
eggs,LBR,-0.012460758909583092
eggs,LBY,0.005513242911547422
eggs,LKA,-0.03634432703256607
eggs,LSO,-0.022568805143237114
eggs,LTU,0.030867116525769234
eggs,LUX,0.0327829010784626
eggs,LVA,0.035429585725069046
eggs,MAR,0.014711455442011356
eggs,MDA,0.030218128114938736
eggs,MDG,-0.030838852748274803
eggs,MEX,0.005832625087350607
eggs,MKD,0.04166469722986221
eggs,MLI,-0.009059407748281956
eggs,MLT,0.016300462186336517
eggs,MMR,-0.015380130149424076
eggs,MNE,0.013284837827086449
eggs,MNG,0.005133602302521467
eggs,MOZ,-0.028347011655569077
eggs,MRT,0.002638557692989707
eggs,MUS,-0.05245240032672882
eggs,MWI,-0.03065301664173603
eggs,MYS,-0.023399215191602707
eggs,NAM,-0.02256694994866848
eggs,NER,-0.00924935843795538
eggs,NGA,0.0010257639223709702
eggs,NIC,-0.012799136340618134
eggs,NLD,0.010970067232847214
eggs,NOR,-0.0004468202532734722
eggs,NPL,-0.023116936907172203
eggs,NZL,-0.008157649077475071
eggs,OMN,-0.02039887011051178
eggs,PAK,-0.023415349423885345
eggs,PAN,-0.009799248538911343
eggs,PER,-0.0126412408426404
eggs,PHL,-0.03581033647060394
eggs,PNG,-0.04084169492125511
eggs,POL,0.018272968009114265
eggs,PRI,0.0028649906162172556
eggs,PRT,0.01013104896992445
eggs,PRY,0.006937405094504356
eggs,PSE,0.0014680665917694569
eggs,ROU,0.027179444208741188
eggs,RUS,0.0027962287422269583
eggs,RWA,-0.02274044044315815
eggs,SAU,-0.0008236588910222054
eggs,SDN,0.015481693670153618
eggs,SEN,-0.0016108425334095955
eggs,SLB,-0.04399644583463669
eggs,SLE,-0.015301015228033066
eggs,SLV,-0.006151496432721615
eggs,SOM,-0.010450020432472229
eggs,SRB,0.01920872926712036
eggs,SSD,0.01745004393160343
eggs,STP,-0.03098618984222412
eggs,SUR,-0.007309222128242254
eggs,SVK,0.028490111231803894
eggs,SVN,0.016036244109272957
eggs,SWE,0.018819233402609825
eggs,SWZ,-0.014146641828119755
eggs,SYR,0.01776294596493244
eggs,TCD,-0.0022721777204424143
eggs,TGO,-0.0007312537636607885
eggs,THA,0.003941652365028858
eggs,TJK,-0.015713509172201157
eggs,TKM,-0.0090061379596591
eggs,TLS,-0.00869570393115282
eggs,TTO,0.0004326780035626143
eggs,TUN,0.015014502219855785
eggs,TUR,0.016786623746156693
eggs,TWN,-0.021266261115670204
eggs,TZA,-0.02084292471408844
eggs,UGA,-0.03177258372306824
eggs,UKR,0.014213008806109428
eggs,URY,-0.006836111191660166
eggs,USA,0.009795166552066803
eggs,UZB,-0.009354357607662678
eggs,VEN,-0.013670774176716805
eggs,VNM,-0.03996939957141876
eggs,VUT,-0.042815811932086945
eggs,YEM,0.012870190665125847
eggs,ZAF,-0.033370599150657654
eggs,ZMB,-0.022078990936279297
eggs,ZWE,-0.030660664662718773
meat-cattle,AFG,-0.006318200845271349
meat-cattle,AGO,-0.018900282680988312
meat-cattle,ALB,0.01018546731211245
meat-cattle,ARE,-0.0010040656197816133
meat-cattle,ARG,0.0030392587650567293
meat-cattle,ARM,-0.0034530069679021835
meat-cattle,ASM,0.04915066622197628
meat-cattle,ATG,-0.02355829533189535
meat-cattle,AUS,0.014821312390267849
meat-cattle,AUT,0.018097516149282455
meat-cattle,AZE,-0.010048141703009605
meat-cattle,BDI,-0.027351854951120913
meat-cattle,BEL,-0.0073896972462534904
meat-cattle,BEN,-0.013732841238379478
meat-cattle,BFA,-0.015327554196119308
meat-cattle,BGD,-0.012381592037854716
meat-cattle,BGR,0.0037602875381708145
meat-cattle,BHS,-0.03866908326745033
meat-cattle,BIH,0.01563289696787251
meat-cattle,BLR,-0.016660189488902688
meat-cattle,BLZ,-0.03367656096816063
meat-cattle,BOL,-0.007007392589002848
meat-cattle,BRA,0.0011894115596078336
meat-cattle,BRB,-0.0
meat-cattle,BRN,-0.025836288928985596
meat-cattle,BTN,-0.01585069252178073
meat-cattle,BWA,-0.017592918127775192
meat-cattle,CAF,-0.02673078142106533
meat-cattle,CAN,0.0082831303589046
meat-cattle,CHE,0.00719637144356966
meat-cattle,CHL,-0.014077208936214447
meat-cattle,CHN,-0.02213769592344761
meat-cattle,CIV,-0.013907206011936069
meat-cattle,CMR,-0.030663613229990005
meat-cattle,COD,-0.023435959592461586
meat-cattle,COG,-0.027933707926422358
meat-cattle,COL,-0.03305942565202713
meat-cattle,COM,-0.01870439387857914
meat-cattle,CPV,-0.0
meat-cattle,CRI,-0.03801188571378589
meat-cattle,CUB,-0.03363528195768595
meat-cattle,CYP,-0.015492237638682127
meat-cattle,CZE,0.019730581901967525
meat-cattle,DEU,0.019954376854002476
meat-cattle,DJI,-0.0
meat-cattle,DNK,0.02220328990370035
meat-cattle,DOM,-0.01924574188888073
meat-cattle,DZA,-0.0017016869969666004
meat-cattle,ECU,-0.029484452679753304
meat-cattle,EGY,-0.025703138671815395
meat-cattle,ERI,-0.01711789332330227
meat-cattle,ESP,0.0017227139323949814
meat-cattle,EST,0.0027904734015464783
meat-cattle,ETH,-0.019553665071725845
meat-cattle,FIN,0.028735024854540825
meat-cattle,FJI,0.007128247059881687
meat-cattle,FRA,-0.01892609056085348
meat-cattle,GAB,-0.023077134508639574
meat-cattle,GBR,-0.0038291742093861103
meat-cattle,GEO,-0.00800301879644394
meat-cattle,GHA,-0.016854933463037014
meat-cattle,GIN,-0.012474134855438024
meat-cattle,GMB,-0.013214155798777938
meat-cattle,GNB,-0.018601924180984497
meat-cattle,GNQ,-0.014525328413583338
meat-cattle,GRC,0.009135481668636203
meat-cattle,GRD,-0.04047434404492378
meat-cattle,GTM,-0.052786325104534626
meat-cattle,GUF,0.006998926633968949
meat-cattle,GUY,-0.002061819192022085
meat-cattle,HND,-0.04886046051979065
meat-cattle,HRV,-0.005906047765165567
meat-cattle,HTI,-0.020563503727316856
meat-cattle,HUN,0.019314568489789963
meat-cattle,IDN,-0.02932947501540184
meat-cattle,IND,-0.01101677541009849
meat-cattle,IRL,-0.009385651908814907
meat-cattle,IRN,0.0015927641652524471
meat-cattle,IRQ,-0.013234874699264765
meat-cattle,ISL,-0.005627515725791454
meat-cattle,ISR,-0.007640971103683114
meat-cattle,ITA,-0.017508831107988954
meat-cattle,JAM,-0.034549809992313385
meat-cattle,JOR,-0.005578668031375855
meat-cattle,JPN,-0.026708023622632027
meat-cattle,KAZ,-0.006136528216302395
meat-cattle,KEN,-0.02671338547952473
meat-cattle,KGZ,-0.006593269761651754
meat-cattle,KHM,-0.028352287597954273
meat-cattle,KOR,-0.04599094018340111
meat-cattle,LAO,-0.006205326411873102
meat-cattle,LBN,0.00256798742339015
meat-cattle,LBR,-0.013811614597216249
meat-cattle,LBY,-0.0018421481363475323
meat-cattle,LKA,-0.005933918058872223
meat-cattle,LSO,-0.03746185265481472
meat-cattle,LTU,0.0025032171979546547
meat-cattle,LUX,-0.004290527664124966
meat-cattle,LVA,0.02346992865204811
meat-cattle,MAR,-0.006843859795480967
meat-cattle,MDA,0.015445812605321407
meat-cattle,MDG,-0.029054289683699608
meat-cattle,MEX,-0.005561699625104666
meat-cattle,MKD,0.01221018354408443
meat-cattle,MLI,-0.015152360196225345
meat-cattle,MLT,-0.015226868446916342
meat-cattle,MMR,-0.007721536559984088
meat-cattle,MNE,0.02376615907996893
meat-cattle,MNG,-0.03809815552085638
meat-cattle,MOZ,-0.02036772295832634
meat-cattle,MRT,-0.019598325714468956
meat-cattle,MUS,-0.02008889615535736
meat-cattle,MWI,-0.016459744540043175
meat-cattle,MYS,-0.027737527154386044
meat-cattle,NAM,-0.02777502639219165
meat-cattle,NER,-0.021181905351113528
meat-cattle,NGA,-0.013648642925545573
meat-cattle,NIC,-0.053649187088012695
meat-cattle,NLD,-0.012495395727455616
meat-cattle,NOR,0.002124493650626391
meat-cattle,NPL,-0.013902654871344566
meat-cattle,NZL,-0.0038078813813626766
meat-cattle,OMN,-0.02764667570590973
meat-cattle,PAK,-0.03068044688552618
meat-cattle,PAN,-0.04925940930843353
meat-cattle,PER,-0.001995678525418043
meat-cattle,PHL,-0.01645536907017231
meat-cattle,PNG,-0.008821814088150859
meat-cattle,POL,0.017539368011057377
meat-cattle,PRI,-0.031689222902059555
meat-cattle,PRT,0.0017989850603044033
meat-cattle,PRY,0.0024394572246819735
meat-cattle,PSE,0.0015251421136781573
meat-cattle,ROU,0.02153714932501316
meat-cattle,RUS,0.012975014746189117
meat-cattle,RWA,-0.02350916527211666
meat-cattle,SAU,-0.001831291476264596
meat-cattle,SDN,-0.012844676151871681
meat-cattle,SEN,-0.022630864288657904
meat-cattle,SLB,-0.0
meat-cattle,SLE,-0.016168065194506198
meat-cattle,SLV,-0.04805985186249018
meat-cattle,SOM,-0.02150016464293003
meat-cattle,SRB,0.01941189356148243
meat-cattle,SSD,-0.018647143617272377
meat-cattle,STP,-0.015052163042128086
meat-cattle,SUR,-0.006175786140374839
meat-cattle,SVK,0.01722070388495922
meat-cattle,SVN,0.016413747798651457
meat-cattle,SWE,-0.005939196795225143
meat-cattle,SWZ,-0.02038089744746685
meat-cattle,SYR,-0.000923295272514224
meat-cattle,TCD,-0.05154699459671974
meat-cattle,TGO,-0.014845224330201745
meat-cattle,THA,-0.010125953704118729
meat-cattle,TJK,-0.005089154466986656
meat-cattle,TKM,-0.004696469288319349
meat-cattle,TLS,-0.012470142915844917
meat-cattle,TTO,-0.030336201190948486
meat-cattle,TUN,0.001816777978092432
meat-cattle,TUR,0.0008786637336015701
meat-cattle,TWN,-0.002185438759624958
meat-cattle,TZA,-0.02729942701262189
meat-cattle,UGA,-0.03194617759436369
meat-cattle,UKR,0.0067739360965788364
meat-cattle,URY,-0.006564086070284247
meat-cattle,USA,0.022666153497993946
meat-cattle,UZB,-0.010890469420701265
meat-cattle,VEN,-0.03622432053089142
meat-cattle,VNM,-0.02137487754225731
meat-cattle,VUT,-0.004184224177151918
meat-cattle,YEM,-0.011388014303520322
meat-cattle,ZAF,-0.015080652199685574
meat-cattle,ZMB,-0.013397748582065105
meat-cattle,ZWE,-0.017170028761029243
meat-chicken,AFG,-0.00496325921267271
meat-chicken,AGO,-0.007027744315564632
meat-chicken,ALB,0.004674870986491442
meat-chicken,ARE,-0.008577815257012844
meat-chicken,ARG,0.007812813855707645
meat-chicken,ARM,-0.007086563389748335
meat-chicken,ASM,0.09881323575973511
meat-chicken,ATG,-0.008342742919921875
meat-chicken,AUS,0.01042764913290739
meat-chicken,AUT,-0.0039863889105618
meat-chicken,AZE,0.012559067457914352
meat-chicken,BDI,-0.02434806525707245
meat-chicken,BEL,-0.033981796354055405
meat-chicken,BEN,-0.013915532268583775
meat-chicken,BFA,-0.010642433539032936
meat-chicken,BGD,-0.011488053947687149
meat-chicken,BGR,-0.0011272458359599113
meat-chicken,BHS,-0.011693657375872135
meat-chicken,BIH,-0.005102416966110468
meat-chicken,BLR,-0.013117010705173016
meat-chicken,BLZ,-0.009389878250658512
meat-chicken,BOL,-0.010306150652468204
meat-chicken,BRA,0.0031868501100689173
meat-chicken,BRB,-0.0124930739402771
meat-chicken,BRN,-0.014573573134839535
meat-chicken,BTN,-0.015611531212925911
meat-chicken,BWA,-0.010406113229691982
meat-chicken,CAF,-0.025067854672670364
meat-chicken,CAN,0.01546877808868885
meat-chicken,CHE,-0.02906482294201851
meat-chicken,CHL,-0.01060803048312664
meat-chicken,CHN,-0.02626406028866768
meat-chicken,CIV,-0.007138672284781933
meat-chicken,CMR,-0.00906403549015522
meat-chicken,COD,-0.020876184105873108
meat-chicken,COG,-0.01586766541004181
meat-chicken,COL,-0.012757636606693268
meat-chicken,COM,-0.016225872561335564
meat-chicken,CPV,-0.0039389594458043575
meat-chicken,CRI,0.001732023200020194
meat-chicken,CUB,-0.007021754514425993
meat-chicken,CYP,-0.01331311371177435
meat-chicken,CZE,-0.002644294174388051
meat-chicken,DEU,-0.0029935671482235193
meat-chicken,DJI,-0.0
meat-chicken,DNK,-0.0034014503471553326
meat-chicken,DOM,0.003374907886609435
meat-chicken,DZA,-0.02823716588318348
meat-chicken,ECU,-0.009298264048993587
meat-chicken,EGY,-0.014747818000614643
meat-chicken,ERI,-0.011974000371992588
meat-chicken,ESP,-0.023809855803847313
meat-chicken,EST,0.011667600832879543
meat-chicken,ETH,-0.006899336818605661
meat-chicken,FIN,0.006035701371729374
meat-chicken,FJI,0.018656814470887184
meat-chicken,FRA,-0.0005643867189064622
meat-chicken,GAB,-0.006199035327881575
meat-chicken,GBR,-0.010542618110775948
meat-chicken,GEO,0.002442816039547324
meat-chicken,GHA,-0.003572693793103099
meat-chicken,GIN,-0.012202627025544643
meat-chicken,GMB,-0.00450768182054162
meat-chicken,GNB,-0.016674445942044258
meat-chicken,GNQ,-0.00672250147908926
meat-chicken,GRC,0.0007594894268549979
meat-chicken,GRD,-0.008961875922977924
meat-chicken,GTM,0.004461393225938082
meat-chicken,GUF,0.012484184466302395
meat-chicken,GUY,0.00409193430095911
meat-chicken,HND,-0.008932393044233322
meat-chicken,HRV,-0.0017884087283164263
meat-chicken,HTI,-0.01073450781404972
meat-chicken,HUN,-0.0067026661708951
meat-chicken,IDN,-0.016078632324934006
meat-chicken,IND,0.0004084690008312464
meat-chicken,IRL,-0.046274591237306595
meat-chicken,IRN,-0.007782731670886278
meat-chicken,IRQ,-0.004415930714458227
meat-chicken,ISL,-0.03683101385831833
meat-chicken,ISR,-0.014925302937626839
meat-chicken,ITA,-0.014897022396326065
meat-chicken,JAM,-0.012713618576526642
meat-chicken,JOR,-0.010342883877456188
meat-chicken,JPN,-0.044852521270513535
meat-chicken,KAZ,0.01012362539768219
meat-chicken,KEN,-0.02771889790892601
meat-chicken,KGZ,-0.004637866280972958
meat-chicken,KHM,-0.010000720620155334
meat-chicken,KOR,-0.049367938190698624
meat-chicken,LAO,-0.024028999730944633
meat-chicken,LBN,-0.015713714063167572
meat-chicken,LBR,-0.01688183657824993
meat-chicken,LBY,-0.022543469443917274
meat-chicken,LKA,-0.01586287096142769
meat-chicken,LSO,-0.008775334805250168
meat-chicken,LTU,0.004051040858030319
meat-chicken,LUX,-0.0
meat-chicken,LVA,0.010078118182718754
meat-chicken,MAR,-0.018870186060667038
meat-chicken,MDA,0.010992966592311859
meat-chicken,MDG,-0.01719561219215393
meat-chicken,MEX,0.006553650368005037
meat-chicken,MKD,0.01294434443116188
meat-chicken,MLI,-0.013143861666321754
meat-chicken,MLT,-0.02891632355749607
meat-chicken,MMR,-0.010788452811539173
meat-chicken,MNE,-0.00883079320192337
meat-chicken,MNG,0.0036263575311750174
meat-chicken,MOZ,-0.019874930381774902
meat-chicken,MRT,-0.009930656291544437
meat-chicken,MUS,-0.008603914640843868
meat-chicken,MWI,-0.018793465569615364
meat-chicken,MYS,-0.013094962574541569
meat-chicken,NAM,-0.013609262183308601
meat-chicken,NER,-0.01027919352054596
meat-chicken,NGA,-0.007482755463570356
meat-chicken,NIC,-0.014641515910625458
meat-chicken,NLD,-0.03480177000164986
meat-chicken,NOR,-0.01661226525902748
meat-chicken,NPL,-0.013357242569327354
meat-chicken,NZL,-0.02601034566760063
meat-chicken,OMN,-0.027500657364726067
meat-chicken,PAK,-0.008724719285964966
meat-chicken,PAN,-0.01013360545039177
meat-chicken,PER,-0.006601118016988039
meat-chicken,PHL,-0.03160640969872475
meat-chicken,PNG,-0.03389950469136238
meat-chicken,POL,-0.006478923372924328
meat-chicken,PRI,-0.008585672825574875
meat-chicken,PRT,-0.014617744833230972
meat-chicken,PRY,0.0064816102385520935
meat-chicken,PSE,-0.009818734601140022
meat-chicken,ROU,0.005844024010002613
meat-chicken,RUS,0.011386053636670113
meat-chicken,RWA,-0.018302999436855316
meat-chicken,SAU,-0.007364644668996334
meat-chicken,SDN,0.007305673789232969
meat-chicken,SEN,-0.008487001992762089
meat-chicken,SLB,-0.040258314460515976
meat-chicken,SLE,-0.0164862759411335
meat-chicken,SLV,-0.005522310733795166
meat-chicken,SOM,-0.014663024805486202
meat-chicken,SRB,-0.002862029941752553
meat-chicken,SSD,0.0034867129288613796
meat-chicken,STP,-0.018961573019623756
meat-chicken,SUR,0.0032679452560842037
meat-chicken,SVK,0.0021833882201462984
meat-chicken,SVN,-0.012475628405809402
meat-chicken,SWE,-0.002925589680671692
meat-chicken,SWZ,0.004487506579607725
meat-chicken,SYR,-0.0015851340722292662
meat-chicken,TCD,-0.0036764563992619514
meat-chicken,TGO,-0.005717814899981022
meat-chicken,THA,-0.006427062209695578
meat-chicken,TJK,-0.0123064573854208
meat-chicken,TKM,0.005923131015151739
meat-chicken,TLS,-0.007585213519632816
meat-chicken,TTO,-0.011929904110729694
meat-chicken,TUN,-0.02005942352116108
meat-chicken,TUR,0.0005213317926973104
meat-chicken,TWN,-0.013828092254698277
meat-chicken,TZA,-0.01779823563992977
meat-chicken,UGA,-0.028870992362499237
meat-chicken,UKR,-0.004428199492394924
meat-chicken,URY,0.0012053524842485785
meat-chicken,USA,0.010063772089779377
meat-chicken,UZB,-0.0006548024248331785
meat-chicken,VEN,-0.011600271798670292
meat-chicken,VNM,-0.03728436306118965
meat-chicken,VUT,-0.0367799811065197
meat-chicken,YEM,0.015083879232406616
meat-chicken,ZAF,-0.0016657046508044004
meat-chicken,ZMB,-0.003396652638912201
meat-chicken,ZWE,-0.021479181945323944
meat-pig,AFG,0.01976163126528263
meat-pig,AGO,-0.009727798402309418
meat-pig,ALB,-0.002393375150859356
meat-pig,ARE,-0.0
meat-pig,ARG,0.004581565968692303
meat-pig,ARM,-0.010171519592404366
meat-pig,ASM,0.09277551621198654
meat-pig,ATG,-0.01603846251964569
meat-pig,AUS,0.04831259697675705
meat-pig,AUT,-0.006286392919719219
meat-pig,AZE,0.009425264783203602
meat-pig,BDI,-0.01846832036972046
meat-pig,BEL,-0.03987312689423561
meat-pig,BEN,-0.007830526679754257
meat-pig,BFA,-0.004597375635057688
meat-pig,BGD,0.010369690135121346
meat-pig,BGR,-0.0029755530413240194
meat-pig,BHS,-0.014279071241617203
meat-pig,BIH,-0.004898057319223881
meat-pig,BLR,-0.013398990966379642
meat-pig,BLZ,-0.005528926849365234
meat-pig,BOL,-0.011808711104094982
meat-pig,BRA,-0.00317009468562901
meat-pig,BRB,-0.017966607585549355
meat-pig,BRN,0.001468658447265625
meat-pig,BTN,0.0003029035869985819
meat-pig,BWA,0.0002701468183659017
meat-pig,CAF,-0.02636341191828251
meat-pig,CAN,-0.0035316806752234697
meat-pig,CHE,-0.034427959471940994
meat-pig,CHL,-0.02228175476193428
meat-pig,CHN,-0.026371493935585022
meat-pig,CIV,-0.004507764708250761
meat-pig,CMR,-0.0041632396169006824
meat-pig,COD,-0.01627458818256855
meat-pig,COG,-0.015998875722289085
meat-pig,COL,-0.017583250999450684
meat-pig,COM,0.007389563601464033
meat-pig,CPV,-0.020315075293183327
meat-pig,CRI,-0.00381302903406322
meat-pig,CUB,-0.018464339897036552
meat-pig,CYP,-0.01413068175315857
meat-pig,CZE,-0.004172176122665405
meat-pig,DEU,-0.005582896526902914
meat-pig,DJI,0.010723689571022987
meat-pig,DNK,-0.005289335269480944
meat-pig,DOM,-0.001442713662981987
meat-pig,DZA,-0.028662733733654022
meat-pig,ECU,-0.013806307688355446
meat-pig,EGY,-0.015230446122586727
meat-pig,ERI,0.0062879235483706
meat-pig,ESP,-0.030750054866075516
meat-pig,EST,0.009139975532889366
meat-pig,ETH,-0.000808161566965282
meat-pig,FIN,0.0036122561432421207
meat-pig,FJI,0.04599878191947937
meat-pig,FRA,-0.014419660903513432
meat-pig,GAB,-0.0038424322847276926
meat-pig,GBR,-0.019806327298283577
meat-pig,GEO,-0.002112835645675659
meat-pig,GHA,0.0031293153297156096
meat-pig,GIN,-0.008354708552360535
meat-pig,GMB,-0.003433867823332548
meat-pig,GNB,-0.011130818165838718
meat-pig,GNQ,-0.0024291558656841516
meat-pig,GRC,-0.00142042082734406
meat-pig,GRD,-0.018908141180872917
meat-pig,GTM,7.540691876783967e-05
meat-pig,GUF,0.011510665528476238
meat-pig,GUY,-0.0017374820308759809
meat-pig,HND,-0.012207656167447567
meat-pig,HRV,-0.004313049837946892
meat-pig,HTI,-0.01016703899949789
meat-pig,HUN,-0.007443937007337809
meat-pig,IDN,-0.005201290361583233
meat-pig,IND,-0.0033582409378141165
meat-pig,IRL,-0.05328240245580673
meat-pig,IRN,-0.0
meat-pig,IRQ,-0.0
meat-pig,ISL,-0.04141147434711456
meat-pig,ISR,-0.01675610989332199
meat-pig,ITA,-0.013749971985816956
meat-pig,JAM,-0.016256868839263916
meat-pig,JOR,-0.0
meat-pig,JPN,-0.037376780062913895
meat-pig,KAZ,0.013392218388617039
meat-pig,KEN,-0.024618927389383316
meat-pig,KGZ,-0.0002418267831671983
meat-pig,KHM,-0.0013898207107558846
meat-pig,KOR,-0.04466388747096062
meat-pig,LAO,-0.022785617038607597
meat-pig,LBN,-0.013327838853001595
meat-pig,LBR,-0.010491320863366127
meat-pig,LBY,-0.0
meat-pig,LKA,-0.01643463969230652
meat-pig,LSO,0.005565565079450607
meat-pig,LTU,0.005577267613261938
meat-pig,LUX,-0.03451353684067726
meat-pig,LVA,0.007023688405752182
meat-pig,MAR,-0.027510756626725197
meat-pig,MDA,0.005438883788883686
meat-pig,MDG,-0.01857144944369793
meat-pig,MEX,-0.009036174044013023
meat-pig,MKD,0.007026760373264551
meat-pig,MLI,-0.0063060978427529335
meat-pig,MLT,-0.03525180742144585
meat-pig,MMR,-0.004916942212730646
meat-pig,MNE,-0.01212841086089611
meat-pig,MNG,0.003999515902251005
meat-pig,MOZ,-0.015226660296320915
meat-pig,MRT,-0.0
meat-pig,MUS,0.0028195639606565237
meat-pig,MWI,-0.007150731515139341
meat-pig,MYS,-0.006482178345322609
meat-pig,NAM,-0.011514202691614628
meat-pig,NER,-0.0001481066137785092
meat-pig,NGA,-0.007010281085968018
meat-pig,NIC,-0.021246498450636864
meat-pig,NLD,-0.04091966152191162
meat-pig,NOR,-0.018293578177690506
meat-pig,NPL,-0.011711187660694122
meat-pig,NZL,0.04825909435749054
meat-pig,OMN,-0.0
meat-pig,PAK,0.01012369617819786
meat-pig,PAN,-0.014062161557376385
meat-pig,PER,-0.012813571840524673
meat-pig,PHL,-0.022999824956059456
meat-pig,PNG,0.005974487401545048
meat-pig,POL,-0.007235533557832241
meat-pig,PRI,-0.012149965390563011
meat-pig,PRT,-0.029853180050849915
meat-pig,PRY,0.003368948819115758
meat-pig,PSE,-0.0
meat-pig,ROU,0.003979706205427647
meat-pig,RUS,0.01274054404348135
meat-pig,RWA,-0.012529581785202026
meat-pig,SAU,-0.0
meat-pig,SDN,0.012898879125714302
meat-pig,SEN,-0.004488038364797831
meat-pig,SLB,0.005646268837153912
meat-pig,SLE,-0.010806741192936897
meat-pig,SLV,-0.005253976676613092
meat-pig,SOM,-0.007332020439207554
meat-pig,SRB,-0.0055361236445605755
meat-pig,SSD,0.008908224292099476
meat-pig,STP,-0.027157455682754517
meat-pig,SUR,-0.002690885215997696
meat-pig,SVK,-0.0002674075367394835
meat-pig,SVN,-0.012262759730219841
meat-pig,SWE,-0.0003831736685242504
meat-pig,SWZ,0.0018318059155717492
meat-pig,SYR,-0.0
meat-pig,TCD,-0.004793679341673851
meat-pig,TGO,-0.01106759812682867
meat-pig,THA,0.01067414041608572
meat-pig,TJK,-0.00324249267578125
meat-pig,TKM,0.004716190043836832
meat-pig,TLS,0.01029276940971613
meat-pig,TTO,-0.015210693702101707
meat-pig,TUN,-0.02590811811387539
meat-pig,TUR,0.004520641639828682
meat-pig,TWN,-0.013345359824597836
meat-pig,TZA,-0.014371799305081367
meat-pig,UGA,-0.019241655245423317
meat-pig,UKR,-0.001977636246010661
meat-pig,URY,-0.0049257841892540455
meat-pig,USA,-0.0031741850543767214
meat-pig,UZB,-0.002427503000944853
meat-pig,VEN,-0.015331280417740345
meat-pig,VNM,-0.03491681069135666
meat-pig,VUT,0.007704568561166525
meat-pig,YEM,0.01174404751509428
meat-pig,ZAF,-0.0031898203305900097
meat-pig,ZMB,0.0012412667274475098
meat-pig,ZWE,-0.005233789794147015
meat-sheep,AFG,-0.011874337447807193
meat-sheep,AGO,-0.01757851825095713
meat-sheep,ALB,-0.014482800848782063
meat-sheep,ARE,-0.009795966907404363
meat-sheep,ARG,0.0021354787568270694
meat-sheep,ARM,-0.016194977797567844
meat-sheep,ASM,0.04417291656136513
meat-sheep,ATG,-0.026620864868164062
meat-sheep,AUS,-0.004741193391964771
meat-sheep,AUT,0.00011465372517704964
meat-sheep,AZE,-0.02017058723140508
meat-sheep,BDI,-0.024702031834749505
meat-sheep,BEL,-0.02717472054064274
meat-sheep,BEN,-0.011362750083208084
meat-sheep,BFA,-0.012571667786687613
meat-sheep,BGD,-0.014489121036604047
meat-sheep,BGR,-0.02231975505128503
meat-sheep,BHS,-0.055456966161727905
meat-sheep,BIH,-0.018524187384173274
meat-sheep,BLR,-0.03715222980827093
meat-sheep,BLZ,-0.028751613572239876
meat-sheep,BOL,-0.0070239110027614515
meat-sheep,BRA,0.0023430024994013365
meat-sheep,BRB,-0.028825942892581224
meat-sheep,BRN,-0.031423441134393215
meat-sheep,BTN,-0.021414981223642826
meat-sheep,BWA,-0.02460483252070844
meat-sheep,CAF,-0.02440493879839778
meat-sheep,CAN,0.008866828866302967
meat-sheep,CHE,-0.01636726560536772
meat-sheep,CHL,-0.019520718604326248
meat-sheep,CHN,-0.035657995380461216
meat-sheep,CIV,-0.011863257735967636
meat-sheep,CMR,-0.029484979808330536
meat-sheep,COD,-0.019963773083873093
meat-sheep,COG,-0.027115216944366693
meat-sheep,COL,-0.0346846804022789
meat-sheep,COM,-0.021157843701075763
meat-sheep,CPV,-0.025072072632610798
meat-sheep,CRI,-0.0329311341047287
meat-sheep,CUB,-0.01785922236740589
meat-sheep,CYP,-0.03349779732525349
meat-sheep,CZE,-0.0023556434316560626
meat-sheep,DEU,0.000738942064344883
meat-sheep,DJI,-0.0
meat-sheep,DNK,0.0015403754077851772
meat-sheep,DOM,-0.02593097183853388
meat-sheep,DZA,-0.013899873214541003
meat-sheep,ECU,-0.02840240951627493
meat-sheep,EGY,-0.03143388405442238
meat-sheep,ERI,-0.02102488628588617
meat-sheep,ESP,-0.012087971204891801
meat-sheep,EST,-0.025827612029388547
meat-sheep,ETH,-0.020395430270582438
meat-sheep,FIN,0.005775977042503655
meat-sheep,FJI,-0.008279317407868803
meat-sheep,FRA,-0.03260983433574438
meat-sheep,GAB,-0.028463955968618393
meat-sheep,GBR,-0.027400778606534004
meat-sheep,GEO,-0.019345663487911224
meat-sheep,GHA,-0.014270284213125706
meat-sheep,GIN,-0.010557049186900258
meat-sheep,GMB,-0.01387762650847435
meat-sheep,GNB,-0.015360954450443387
meat-sheep,GNQ,-0.01882151886820793
meat-sheep,GRC,-0.0075991046614944935
meat-sheep,GRD,-0.0
meat-sheep,GTM,-0.04653190542012453
meat-sheep,GUF,0.013861419633030891
meat-sheep,GUY,0.0005305206868797541
meat-sheep,HND,-0.034849200397729874
meat-sheep,HRV,-0.021957741118967533
meat-sheep,HTI,-0.019993728026747704
meat-sheep,HUN,-0.0023976166266947985
meat-sheep,IDN,-0.034432959742844105
meat-sheep,IND,-0.01495139638427645
meat-sheep,IRL,-0.030281209386885166
meat-sheep,IRN,-0.005013596499338746
meat-sheep,IRQ,-0.01604308420792222
meat-sheep,ISL,-0.025200219824910164
meat-sheep,ISR,-0.02995940111577511
meat-sheep,ITA,-0.0389787582680583
meat-sheep,JAM,-0.053904106840491295
meat-sheep,JOR,-0.028470655903220177
meat-sheep,JPN,-0.045049029402434826
meat-sheep,KAZ,-0.014483458129689097
meat-sheep,KEN,-0.02826352312695235
meat-sheep,KGZ,-0.020912943873554468
meat-sheep,KHM,-0.0
meat-sheep,KOR,-0.06388591229915619
meat-sheep,LAO,-0.009860352496616542
meat-sheep,LBN,-0.022434890270233154
meat-sheep,LBR,-0.014228699263185263
meat-sheep,LBY,-0.01027373131364584
meat-sheep,LKA,-0.01015217904932797
meat-sheep,LSO,-0.03970528393983841
meat-sheep,LTU,-0.027731590904295444
meat-sheep,LUX,-0.029465561732649803
meat-sheep,LVA,-0.0017167534679174423
meat-sheep,MAR,-0.012160619487985969
meat-sheep,MDA,-0.0030146274948492646
meat-sheep,MDG,-0.02899729274213314
meat-sheep,MEX,0.0031836740963626653
meat-sheep,MKD,-0.009826305322349072
meat-sheep,MLI,-0.012691894546151161
meat-sheep,MLT,-0.03830209746956825
meat-sheep,MMR,-0.009829688933677971
meat-sheep,MNE,-0.02288373839110136
meat-sheep,MNG,-0.0
meat-sheep,MOZ,-0.02441757172346115
meat-sheep,MRT,-0.021789912425447255
meat-sheep,MUS,-0.028403508476912975
meat-sheep,MWI,-0.01495229173451662
meat-sheep,MYS,-0.030519559048116207
meat-sheep,NAM,-0.03046566992998123
meat-sheep,NER,-0.02134364127414301
meat-sheep,NGA,-0.010929049924015999
meat-sheep,NIC,-0.03415364772081375
meat-sheep,NLD,-0.03672719746828079
meat-sheep,NOR,-0.01888615870848298
meat-sheep,NPL,-0.01571652086568065
meat-sheep,NZL,-0.03675922658294439
meat-sheep,OMN,-0.03562474437057972
meat-sheep,PAK,-0.03616779763251543
meat-sheep,PAN,-0.0
meat-sheep,PER,0.00099205132573843
meat-sheep,PHL,-0.026705805212259293
meat-sheep,PNG,-0.012108548544347286
meat-sheep,POL,-0.005020460986997932
meat-sheep,PRI,-0.0
meat-sheep,PRT,-0.01203547534532845
meat-sheep,PRY,0.0025285357260145247
meat-sheep,PSE,-0.02133371401578188
meat-sheep,ROU,-0.003173088887706399
meat-sheep,RUS,-0.01702667912468314
meat-sheep,RWA,-0.02455484529491514
meat-sheep,SAU,-0.031018661335110664
meat-sheep,SDN,-0.016516129137016833
meat-sheep,SEN,-0.0240764319896698
meat-sheep,SLB,-0.0
meat-sheep,SLE,-0.018465788569301367
meat-sheep,SLV,-0.04472286254167557
meat-sheep,SOM,-0.027359702857211232
meat-sheep,SRB,-0.0019095195457339287
meat-sheep,SSD,-0.026882497360929847
meat-sheep,STP,-0.019060411606915295
meat-sheep,SUR,-0.000518798828125
meat-sheep,SVK,-0.0035145862493664026
meat-sheep,SVN,-0.007696053413383197
meat-sheep,SWE,-0.02993983286432922
meat-sheep,SWZ,-0.020309381186962128
meat-sheep,SYR,-0.011288276640698314
meat-sheep,TCD,-0.05301245115697384
meat-sheep,TGO,-0.011533377255545929
meat-sheep,THA,-0.015950523084029555
meat-sheep,TJK,-0.020619161427021027
meat-sheep,TKM,-0.017652413342148066
meat-sheep,TLS,-0.01359169812349137
meat-sheep,TTO,-0.0
meat-sheep,TUN,-0.008564348332583904
meat-sheep,TUR,-0.010235992260277271
meat-sheep,TWN,0.001874649664387107
meat-sheep,TZA,-0.02567813778296113
meat-sheep,UGA,-0.03303771838545799
meat-sheep,UKR,-0.0193108927924186
meat-sheep,URY,-0.010437321849167347
meat-sheep,USA,0.023997200652956963
meat-sheep,UZB,-0.024895817041397095
meat-sheep,VEN,-0.03556198254227638
meat-sheep,VNM,-0.025280876085162163
meat-sheep,VUT,-0.01960471784695983
meat-sheep,YEM,-0.016552608838537708
meat-sheep,ZAF,-0.02065232628956437
meat-sheep,ZMB,-0.012927013449370861
meat-sheep,ZWE,-0.021517922403290868
