product,country,correction_bnusd_per_mt_feed
dairy,AFG,0.033931395038962364
dairy,AGO,-0.16405492089688778
dairy,ALB,0.11113298311829567
dairy,ARE,-0.05070424545556307
dairy,ARG,-0.1750551201403141
dairy,ARM,0.002760024741292
dairy,ASM,-0.0
dairy,ATG,-0.24885255843400955
dairy,AUS,-0.031466469168663025
dairy,AUT,0.06870612502098083
dairy,AZE,-0.026578511111438274
dairy,BDI,-0.22490092366933823
dairy,BEL,0.08324201684445143
dairy,BEN,-0.2829783409833908
dairy,BFA,-0.2910581976175308
dairy,BGD,-0.08137018047273159
dairy,BGR,0.10227299109101295
dairy,BHS,-0.1441553570330143
dairy,BIH,0.2488774210214615
dairy,BLR,-0.009459205903112888
dairy,BLZ,-0.23290442675352097
dairy,BOL,-0.2072169929742813
dairy,BRA,-0.17905455827713013
dairy,BRB,-0.38041195273399353
dairy,BRN,0.0070517961867153645
dairy,BTN,-0.17062114924192429
dairy,BWA,-0.14077522233128548
dairy,CAF,-0.20598064363002777
dairy,CAN,-0.4656519889831543
dairy,CHE,0.004751382861286402
dairy,CHL,-0.172821044921875
dairy,CHN,0.20425008982419968
dairy,CIV,-0.2884155213832855
dairy,CMR,-0.29342132806777954
dairy,COD,-0.16812402941286564
dairy,COG,-0.1729832999408245
dairy,COL,-0.1995627097785473
dairy,COM,-0.13830026239156723
dairy,CPV,-0.2439693883061409
dairy,CRI,-0.02555086836218834
dairy,CUB,-0.23057878762483597
dairy,CYP,0.09645235165953636
dairy,CZE,0.02084882976487279
dairy,DEU,0.03715711273252964
dairy,DJI,-0.026291178539395332
dairy,DNK,0.07939525321125984
dairy,DOM,-0.03429511934518814
dairy,DZA,-0.029586471617221832
dairy,ECU,-0.23636481910943985
dairy,EGY,-0.05772580485790968
dairy,ERI,-0.18868225440382957
dairy,ESP,-0.027681881561875343
dairy,EST,0.09767184779047966
dairy,ETH,-0.1819811463356018
dairy,FIN,0.16870122402906418
dairy,FJI,-0.014234422706067562
dairy,FRA,-0.03758363053202629
dairy,GAB,-0.1063945225905627
dairy,GBR,0.040914082899689674
dairy,GEO,-0.02568751946091652
dairy,GHA,-0.28805816173553467
dairy,GIN,-0.24874357134103775
dairy,GMB,-0.2611944302916527
dairy,GNB,-0.29040907323360443
dairy,GNQ,-0.0
dairy,GRC,-0.004900890868157148
dairy,GRD,-0.27820219099521637
dairy,GTM,-0.1887081116437912
dairy,GUF,-0.0
dairy,GUY,-0.19296878576278687
dairy,HND,-0.18741660937666893
dairy,HRV,0.00010455572919454426
dairy,HTI,-0.03524274006485939
dairy,HUN,0.03685643710196018
dairy,IDN,-0.08783164620399475
dairy,IND,-0.025620700791478157
dairy,IRL,-0.028248358517885208
dairy,IRN,0.037892360240221024
dairy,IRQ,-0.18863561749458313
dairy,ISL,0.07902980968356133
dairy,ISR,0.05421634497679406
dairy,ITA,0.10061955079436302
dairy,JAM,-0.05213305354118347
dairy,JOR,0.15926877409219742
dairy,JPN,0.16534720361232758
dairy,KAZ,0.07956523448228836
dairy,KEN,-0.15822024084627628
dairy,KGZ,0.21043992042541504
dairy,KHM,-0.11898348480463028
dairy,KOR,0.25504738837480545
dairy,LAO,-0.07994461618363857
dairy,LBN,0.17477045208215714
dairy,LBR,-0.12797504663467407
dairy,LBY,-0.06276035122573376
dairy,LKA,-0.022626731544733047
dairy,LSO,-0.20645880699157715
dairy,LTU,0.11010313779115677
dairy,LUX,0.013676481321454048
dairy,LVA,0.0869968980550766
dairy,MAR,-0.1905064582824707
dairy,MDA,0.007801078259944916
dairy,MDG,-0.14975010324269533
dairy,MEX,-0.20294339954853058
dairy,MKD,-0.0024477303959429264
dairy,MLI,-0.23630068451166153
dairy,MLT,0.004148952662944794
dairy,MMR,-0.10003791563212872
dairy,MNE,0.3566903918981552
dairy,MNG,-0.038732584565877914
dairy,MOZ,-0.17520764842629433
dairy,MRT,-0.18623105809092522
dairy,MUS,-0.10488899564370513
dairy,MWI,-0.17350910604000092
dairy,MYS,-0.11672511324286461
dairy,NAM,-0.2004307098686695
dairy,NER,-0.29542945325374603
dairy,NGA,-0.15618609823286533
dairy,NIC,-0.2950888127088547
dairy,NLD,-0.03280507028102875
dairy,NOR,-0.010988158639520407
dairy,NPL,-0.07148561254143715
dairy,NZL,-0.02126392349600792
dairy,OMN,-0.18134189397096634
dairy,PAK,0.02913513220846653
dairy,PAN,-0.16824189573526382
dairy,PER,-0.23173838108778
dairy,PHL,0.04514556750655174
dairy,PNG,-0.04043012857437134
dairy,POL,0.06962566263973713
dairy,PRI,-0.19969861209392548
dairy,PRT,0.010173213668167591
dairy,PRY,-0.17454605922102928
dairy,PSE,0.0758778341114521
dairy,ROU,0.12214601412415504
dairy,RUS,0.24341286718845367
dairy,RWA,-0.14753378741443157
dairy,SAU,0.2729150950908661
dairy,SDN,-0.0956935619469732
dairy,SEN,-0.2817968428134918
dairy,SLB,-0.048555292189121246
dairy,SLE,-0.13775891438126564
dairy,SLV,-0.25118933618068695
dairy,SOM,-0.19204068556427956
dairy,SRB,0.0611915048211813
dairy,SSD,-0.12986859120428562
dairy,STP,-0.21149862557649612
dairy,SUR,-0.24851691722869873
dairy,SVK,0.03270576149225235
dairy,SVN,0.041253792122006416
dairy,SWE,0.1155286617577076
dairy,SWZ,-0.27414534986019135
dairy,SYR,-0.02225865051150322
dairy,TCD,-0.1809023804962635
dairy,TGO,-0.21025347709655762
dairy,THA,0.051652105525135994
dairy,TJK,0.21169833093881607
dairy,TKM,0.12513981759548187
dairy,TLS,-0.16588366776704788
dairy,TTO,-0.16311530396342278
dairy,TUN,-0.059468017891049385
dairy,TUR,0.032681893557310104
dairy,TWN,0.2271117866039276
dairy,TZA,-0.21211525797843933
dairy,UGA,-0.28307560086250305
dairy,UKR,0.06845088675618172
dairy,URY,-0.2419692799448967
dairy,USA,-0.28975334018468857
dairy,UZB,0.18576150387525558
dairy,VEN,-0.279179185628891
dairy,VNM,-0.03184957429766655
dairy,VUT,-0.048141900449991226
dairy,YEM,-0.10575737990438938
dairy,ZAF,-0.22169271856546402
dairy,ZMB,-0.17253504320979118
dairy,ZWE,-0.5693320333957672
dairy-buffalo,AFG,-0.0
dairy-buffalo,AGO,-0.0
dairy-buffalo,ALB,-0.0
dairy-buffalo,ARE,-0.0
dairy-buffalo,ARG,-0.0
dairy-buffalo,ARM,-0.0
dairy-buffalo,ASM,-0.0
dairy-buffalo,ATG,-0.0
dairy-buffalo,AUS,-0.0
dairy-buffalo,AUT,-0.0
dairy-buffalo,AZE,-0.0
dairy-buffalo,BDI,-0.0
dairy-buffalo,BEL,-0.0
dairy-buffalo,BEN,-0.0
dairy-buffalo,BFA,-0.0
dairy-buffalo,BGD,-0.16535750031471252
dairy-buffalo,BGR,0.008340642787516117
dairy-buffalo,BHS,-0.0
dairy-buffalo,BIH,-0.0
dairy-buffalo,BLR,-0.0
dairy-buffalo,BLZ,-0.0
dairy-buffalo,BOL,-0.0
dairy-buffalo,BRA,-0.0
dairy-buffalo,BRB,-0.0
dairy-buffalo,BRN,-0.1572466343641281
dairy-buffalo,BTN,-0.0
dairy-buffalo,BWA,-0.0
dairy-buffalo,CAF,-0.0
dairy-buffalo,CAN,-0.0
dairy-buffalo,CHE,-0.0
dairy-buffalo,CHL,-0.0
dairy-buffalo,CHN,-0.23226165771484375
dairy-buffalo,CIV,-0.0
dairy-buffalo,CMR,-0.0
dairy-buffalo,COD,-0.0
dairy-buffalo,COG,-0.0
dairy-buffalo,COL,-0.0
dairy-buffalo,COM,-0.0
dairy-buffalo,CPV,-0.0
dairy-buffalo,CRI,-0.0
dairy-buffalo,CUB,-0.0
dairy-buffalo,CYP,-0.0
dairy-buffalo,CZE,-0.0
dairy-buffalo,DEU,-0.0
dairy-buffalo,DJI,-0.0
dairy-buffalo,DNK,-0.0
dairy-buffalo,DOM,-0.0
dairy-buffalo,DZA,-0.0
dairy-buffalo,ECU,-0.0
dairy-buffalo,EGY,-0.0696343258023262
dairy-buffalo,ERI,-0.0
dairy-buffalo,ESP,-0.0
dairy-buffalo,EST,-0.0
dairy-buffalo,ETH,-0.0
dairy-buffalo,FIN,-0.0
dairy-buffalo,FJI,-0.0
dairy-buffalo,FRA,-0.0
dairy-buffalo,GAB,-0.0
dairy-buffalo,GBR,-0.0
dairy-buffalo,GEO,-0.0
dairy-buffalo,GHA,-0.0
dairy-buffalo,GIN,-0.0
dairy-buffalo,GMB,-0.0
dairy-buffalo,GNB,-0.0
dairy-buffalo,GNQ,-0.0
dairy-buffalo,GRC,-0.12665658071637154
dairy-buffalo,GRD,-0.0
dairy-buffalo,GTM,-0.0
dairy-buffalo,GUF,-0.0
dairy-buffalo,GUY,-0.0
dairy-buffalo,HND,-0.0
dairy-buffalo,HRV,-0.0
dairy-buffalo,HTI,-0.0
dairy-buffalo,HUN,-0.0
dairy-buffalo,IDN,-0.21579187363386154
dairy-buffalo,IND,-0.10127855092287064
dairy-buffalo,IRL,-0.0
dairy-buffalo,IRN,0.011082479730248451
dairy-buffalo,IRQ,-0.22458775341510773
dairy-buffalo,ISL,-0.0
dairy-buffalo,ISR,-0.0
dairy-buffalo,ITA,0.004318671301007271
dairy-buffalo,JAM,-0.0
dairy-buffalo,JOR,-0.0
dairy-buffalo,JPN,-0.0
dairy-buffalo,KAZ,-0.0
dairy-buffalo,KEN,-0.0
dairy-buffalo,KGZ,-0.0
dairy-buffalo,KHM,-0.0
dairy-buffalo,KOR,-0.0
dairy-buffalo,LAO,-0.0
dairy-buffalo,LBN,-0.0
dairy-buffalo,LBR,-0.0
dairy-buffalo,LBY,-0.0
dairy-buffalo,LKA,-0.21466456353664398
dairy-buffalo,LSO,-0.0
dairy-buffalo,LTU,-0.0
dairy-buffalo,LUX,-0.0
dairy-buffalo,LVA,-0.0
dairy-buffalo,MAR,-0.0
dairy-buffalo,MDA,-0.0
dairy-buffalo,MDG,-0.0
dairy-buffalo,MEX,-0.0
dairy-buffalo,MKD,-0.0
dairy-buffalo,MLI,-0.0
dairy-buffalo,MLT,-0.0
dairy-buffalo,MMR,-0.17804208770394325
dairy-buffalo,MNE,-0.0
dairy-buffalo,MNG,-0.0
dairy-buffalo,MOZ,-0.0
dairy-buffalo,MRT,-0.0
dairy-buffalo,MUS,-0.0
dairy-buffalo,MWI,-0.0
dairy-buffalo,MYS,-0.1714845784008503
dairy-buffalo,NAM,-0.0
dairy-buffalo,NER,-0.0
dairy-buffalo,NGA,-0.0
dairy-buffalo,NIC,-0.0
dairy-buffalo,NLD,-0.0
dairy-buffalo,NOR,-0.0
dairy-buffalo,NPL,-0.13036370649933815
dairy-buffalo,NZL,-0.0
dairy-buffalo,OMN,-0.0
dairy-buffalo,PAK,-0.104865314944937
dairy-buffalo,PAN,-0.0
dairy-buffalo,PER,-0.0
dairy-buffalo,PHL,-0.0
dairy-buffalo,PNG,-0.0
dairy-buffalo,POL,-0.0
dairy-buffalo,PRI,-0.0
dairy-buffalo,PRT,-0.0
dairy-buffalo,PRY,-0.0
dairy-buffalo,PSE,-0.0
dairy-buffalo,ROU,-0.0
dairy-buffalo,RUS,-0.0
dairy-buffalo,RWA,-0.0
dairy-buffalo,SAU,-0.0
dairy-buffalo,SDN,-0.0
dairy-buffalo,SEN,-0.0
dairy-buffalo,SLB,-0.0
dairy-buffalo,SLE,-0.0
dairy-buffalo,SLV,-0.0
dairy-buffalo,SOM,-0.0
dairy-buffalo,SRB,-0.0
dairy-buffalo,SSD,-0.0
dairy-buffalo,STP,-0.0
dairy-buffalo,SUR,-0.0
dairy-buffalo,SVK,-0.0
dairy-buffalo,SVN,-0.0
dairy-buffalo,SWE,-0.0
dairy-buffalo,SWZ,-0.0
dairy-buffalo,SYR,-0.14637044817209244
dairy-buffalo,TCD,-0.0
dairy-buffalo,TGO,-0.0
dairy-buffalo,THA,-0.0
dairy-buffalo,TJK,-0.0
dairy-buffalo,TKM,-0.0
dairy-buffalo,TLS,-0.0
dairy-buffalo,TTO,-0.0
dairy-buffalo,TUN,-0.0
dairy-buffalo,TUR,-0.06817214470356703
dairy-buffalo,TWN,-0.0
dairy-buffalo,TZA,-0.0
dairy-buffalo,UGA,-0.0
dairy-buffalo,UKR,-0.0
dairy-buffalo,URY,-0.0
dairy-buffalo,USA,-0.0
dairy-buffalo,UZB,-0.0
dairy-buffalo,VEN,-0.0
dairy-buffalo,VNM,-0.14641484804451466
dairy-buffalo,VUT,-0.0
dairy-buffalo,YEM,-0.0
dairy-buffalo,ZAF,-0.0
dairy-buffalo,ZMB,-0.0
dairy-buffalo,ZWE,-0.0
eggs,AFG,-0.1727111041545868
eggs,AGO,-0.09487130492925644
eggs,ALB,0.03958338126540184
eggs,ARE,0.011138152331113815
eggs,ARG,-0.04418150708079338
eggs,ARM,0.022323941811919212
eggs,ASM,-0.0
eggs,ATG,-0.03742007538676262
eggs,AUS,-0.05360906571149826
eggs,AUT,0.008215189911425114
eggs,AZE,0.011095638386905193
eggs,BDI,-0.2215879261493683
eggs,BEL,-0.0
eggs,BEN,-0.22828517854213715
eggs,BFA,-0.23806355893611908
eggs,BGD,-0.18715594708919525
eggs,BGR,-0.0
eggs,BHS,-0.032875560224056244
eggs,BIH,0.02249741367995739
eggs,BLR,0.004452461842447519
eggs,BLZ,-0.044677019119262695
eggs,BOL,-0.07188189029693604
eggs,BRA,-0.051997870206832886
eggs,BRB,-0.037064775824546814
eggs,BRN,-0.028315717354416847
eggs,BTN,-0.17012067139148712
eggs,BWA,-0.19753746688365936
eggs,CAF,-0.20015743374824524
eggs,CAN,-0.03899769484996796
eggs,CHE,0.001341288909316063
eggs,CHL,-0.05306389927864075
eggs,CHN,0.013779189437627792
eggs,CIV,-0.147470623254776
eggs,CMR,-0.16967223584651947
eggs,COD,-0.21590296924114227
eggs,COG,-0.15996408462524414
eggs,COL,-0.049260370433330536
eggs,COM,-0.17173080146312714
eggs,CPV,-0.07478321343660355
eggs,CRI,-0.0454530194401741
eggs,CUB,-0.019434498623013496
eggs,CYP,-0.0
eggs,CZE,-0.0
eggs,DEU,0.012960327789187431
eggs,DJI,-0.0
eggs,DNK,0.0027250926941633224
eggs,DOM,-0.05183573439717293
eggs,DZA,-0.04530012607574463
eggs,ECU,-0.07124586403369904
eggs,EGY,-0.07664180546998978
eggs,ERI,-0.2250557243824005
eggs,ESP,0.011712316423654556
eggs,EST,0.0343763642013073
eggs,ETH,-0.22001796960830688
eggs,FIN,-0.005318422801792622
eggs,FJI,-0.07312086969614029
eggs,FRA,-0.0
eggs,GAB,-0.10741371661424637
eggs,GBR,-0.017876606434583664
eggs,GEO,0.013806333765387535
eggs,GHA,-0.18584728240966797
eggs,GIN,-0.21272504329681396
eggs,GMB,-0.17807291448116302
eggs,GNB,-0.23384352028369904
eggs,GNQ,-0.09249302744865417
eggs,GRC,-0.0
eggs,GRD,-0.04478785768151283
eggs,GTM,-0.0750797837972641
eggs,GUF,-0.0
eggs,GUY,-0.08340460807085037
eggs,HND,-0.07192317396402359
eggs,HRV,-0.0
eggs,HTI,-0.16427762806415558
eggs,HUN,-0.0
eggs,IDN,-0.0871371328830719
eggs,IND,-0.05536383390426636
eggs,IRL,-0.0
eggs,IRN,-0.03984014317393303
eggs,IRQ,-0.0035316552966833115
eggs,ISL,-0.04670451954007149
eggs,ISR,-0.02697419747710228
eggs,ITA,-0.0022701441776007414
eggs,JAM,-0.062406159937381744
eggs,JOR,-0.017842210829257965
eggs,JPN,-0.006587898824363947
eggs,KAZ,0.015212520025670528
eggs,KEN,-0.2001333236694336
eggs,KGZ,-0.08647165447473526
eggs,KHM,-0.14299152791500092
eggs,KOR,-0.040597543120384216
eggs,LAO,-0.17371410131454468
eggs,LBN,-0.023118115961551666
eggs,LBR,-0.23953722417354584
eggs,LBY,-0.06368005275726318
eggs,LKA,-0.041072454303503036
eggs,LSO,-0.22999751567840576
eggs,LTU,-0.0
eggs,LUX,0.05972641333937645
eggs,LVA,-0.0
eggs,MAR,-0.06729388982057571
eggs,MDA,0.03146694600582123
eggs,MDG,-0.20036594569683075
eggs,MEX,-0.05268145352602005
eggs,MKD,0.03160160034894943
eggs,MLI,-0.2317056804895401
eggs,MLT,-0.0
eggs,MMR,-0.18891416490077972
eggs,MNE,0.023993194103240967
eggs,MNG,0.03151750564575195
eggs,MOZ,-0.23086771368980408
eggs,MRT,-0.1337471306324005
eggs,MUS,-0.14603818953037262
eggs,MWI,-0.21758109331130981
eggs,MYS,-0.03649209812283516
eggs,NAM,-0.11281466484069824
eggs,NER,-0.23327091336250305
eggs,NGA,-0.15300539135932922
eggs,NIC,-0.08573895692825317
eggs,NLD,-0.0
eggs,NOR,-0.009786076843738556
eggs,NPL,-0.14273487031459808
eggs,NZL,-0.09564242511987686
eggs,OMN,-0.14352019131183624
eggs,PAK,-0.07583436369895935
eggs,PAN,-0.04634663462638855
eggs,PER,-0.07634951174259186
eggs,PHL,-0.1023067831993103
eggs,PNG,-0.15659409761428833
eggs,POL,-0.0
eggs,PRI,-0.029254816472530365
eggs,PRT,-0.0
eggs,PRY,-0.024112241342663765
eggs,PSE,-0.05063706263899803
eggs,ROU,-0.0
eggs,RUS,0.017167555168271065
eggs,RWA,-0.22606530785560608
eggs,SAU,0.007093730382621288
eggs,SDN,-0.12175792455673218
eggs,SEN,-0.16225449740886688
eggs,SLB,-0.21414746344089508
eggs,SLE,-0.24240995943546295
eggs,SLV,-0.064324289560318
eggs,SOM,-0.23871590197086334
eggs,SRB,0.021002663299441338
eggs,SSD,-0.0
eggs,STP,-0.17533400654792786
eggs,SUR,-0.06266045570373535
eggs,SVK,-0.0
eggs,SVN,-0.0
eggs,SWE,0.0008752921130508184
eggs,SWZ,-0.11064095795154572
eggs,SYR,0.0052762762643396854
eggs,TCD,-0.22354167699813843
eggs,TGO,-0.1616864800453186
eggs,THA,-0.006312529090791941
eggs,TJK,-0.17809370160102844
eggs,TKM,-0.002583784284070134
eggs,TLS,-0.15172892808914185
eggs,TTO,-0.036428194493055344
eggs,TUN,-0.041681237518787384
eggs,TUR,0.015649186447262764
eggs,TWN,-0.0031907607335597277
eggs,TZA,-0.23784738779067993
eggs,UGA,-0.2328556925058365
eggs,UKR,-0.01203365158289671
eggs,URY,-0.038184795528650284
eggs,USA,-0.04042551666498184
eggs,UZB,-0.062953419983387
eggs,VEN,-0.05643599107861519
eggs,VNM,-0.12921179831027985
eggs,VUT,-0.1819240003824234
eggs,YEM,-0.05019696429371834
eggs,ZAF,-0.12894441187381744
eggs,ZMB,-0.1770472377538681
eggs,ZWE,-0.23754611611366272
meat-cattle,AFG,-0.22304092347621918
meat-cattle,AGO,-0.17845381423830986
meat-cattle,ALB,-0.13316110521554947
meat-cattle,ARE,-0.15593496523797512
meat-cattle,ARG,-0.13329372368752956
meat-cattle,ARM,-0.16738750413060188
meat-cattle,ASM,-0.0
meat-cattle,ATG,-0.25235172361135483
meat-cattle,AUS,-0.17160246893763542
meat-cattle,AUT,-0.09141181409358978
meat-cattle,AZE,-0.2471611648797989
meat-cattle,BDI,-0.23841553926467896
meat-cattle,BEL,-0.09005161374807358
meat-cattle,BEN,-0.2935778349637985
meat-cattle,BFA,-0.298722580075264
meat-cattle,BGD,-0.19192658364772797
meat-cattle,BGR,-0.1357637196779251
meat-cattle,BHS,-0.02517419494688511
meat-cattle,BIH,-0.06792338564991951
meat-cattle,BLR,-0.1330791711807251
meat-cattle,BLZ,-0.2326308861374855
meat-cattle,BOL,-0.2036796286702156
meat-cattle,BRA,-0.19463922828435898
meat-cattle,BRB,-0.3828403353691101
meat-cattle,BRN,-0.19235923513770103
meat-cattle,BTN,-0.4362683892250061
meat-cattle,BWA,-0.17249853163957596
meat-cattle,CAF,-0.2148348018527031
meat-cattle,CAN,-0.07741260156035423
meat-cattle,CHE,-0.1154165267944336
meat-cattle,CHL,-0.15853827819228172
meat-cattle,CHN,-0.25049158930778503
meat-cattle,CIV,-0.2984628528356552
meat-cattle,CMR,-0.31016620993614197
meat-cattle,COD,-0.17703261226415634
meat-cattle,COG,-0.18347733095288277
meat-cattle,COL,-0.17352629080414772
meat-cattle,COM,-0.16828099638223648
meat-cattle,CPV,-0.02959645725786686
meat-cattle,CRI,-0.13405730202794075
meat-cattle,CUB,-0.22877142578363419
meat-cattle,CYP,-0.1275196708738804
meat-cattle,CZE,-0.13018040359020233
meat-cattle,DEU,-0.13312902301549911
meat-cattle,DJI,-0.035292573273181915
meat-cattle,DNK,-0.12625673785805702
meat-cattle,DOM,-0.03336477652192116
meat-cattle,DZA,-0.13233732618391514
meat-cattle,ECU,-0.1930464655160904
meat-cattle,EGY,-0.1609385460615158
meat-cattle,ERI,-0.2135540097951889
meat-cattle,ESP,-0.14892179518938065
meat-cattle,EST,-0.10819251090288162
meat-cattle,ETH,-0.20779307931661606
meat-cattle,FIN,-0.13049371540546417
meat-cattle,FJI,-0.19571739435195923
meat-cattle,FRA,-0.1279977150261402
meat-cattle,GAB,-0.14566002041101456
meat-cattle,GBR,-0.13976986333727837
meat-cattle,GEO,-0.2401750460267067
meat-cattle,GHA,-0.29651910066604614
meat-cattle,GIN,-0.25826888531446457
meat-cattle,GMB,-0.28221292793750763
meat-cattle,GNB,-0.30199237167835236
meat-cattle,GNQ,-0.26634879410266876
meat-cattle,GRC,-0.15511541813611984
meat-cattle,GRD,-0.2795456349849701
meat-cattle,GTM,-0.1890835352241993
meat-cattle,GUF,-0.0
meat-cattle,GUY,-0.21734508126974106
meat-cattle,HND,-0.18317243829369545
meat-cattle,HRV,-0.14690031483769417
meat-cattle,HTI,-0.03416736051440239
meat-cattle,HUN,-0.13696371018886566
meat-cattle,IDN,-0.25031669437885284
meat-cattle,IND,-0.1995457373559475
meat-cattle,IRL,-0.10778417438268661
meat-cattle,IRN,-0.15860139578580856
meat-cattle,IRQ,-0.29132357239723206
meat-cattle,ISL,-0.1705476939678192
meat-cattle,ISR,-0.20464236289262772
meat-cattle,ITA,-0.0972201144322753
meat-cattle,JAM,-0.05079538747668266
meat-cattle,JOR,-0.1933370903134346
meat-cattle,JPN,-0.2848983108997345
meat-cattle,KAZ,-0.2770663648843765
meat-cattle,KEN,-0.17253161780536175
meat-cattle,KGZ,-0.145137757062912
meat-cattle,KHM,-0.20032382383942604
meat-cattle,KOR,-0.15758614614605904
meat-cattle,LAO,-0.23912370949983597
meat-cattle,LBN,-0.09656793018803
meat-cattle,LBR,-0.14501620084047318
meat-cattle,LBY,-0.14392760396003723
meat-cattle,LKA,-0.24349115043878555
meat-cattle,LSO,-0.2396058291196823
meat-cattle,LTU,-0.10376720875501633
meat-cattle,LUX,-0.09092202968895435
meat-cattle,LVA,-0.11977597326040268
meat-cattle,MAR,-0.2575626000761986
meat-cattle,MDA,-0.14268556609749794
meat-cattle,MDG,-0.17373239994049072
meat-cattle,MEX,-0.1432425044476986
meat-cattle,MKD,-0.130902498960495
meat-cattle,MLI,-0.2427528277039528
meat-cattle,MLT,-0.1736031323671341
meat-cattle,MMR,-0.19251790642738342
meat-cattle,MNE,0.02863345667719841
meat-cattle,MNG,-0.24618496745824814
meat-cattle,MOZ,-0.2108907327055931
meat-cattle,MRT,-0.19876446202397346
meat-cattle,MUS,-0.15729441680014133
meat-cattle,MWI,-0.18699857965111732
meat-cattle,MYS,-0.23912234604358673
meat-cattle,NAM,-0.22485759854316711
meat-cattle,NER,-0.30629415810108185
meat-cattle,NGA,-0.16313687339425087
meat-cattle,NIC,-0.27254877984523773
meat-cattle,NLD,-0.1587705910205841
meat-cattle,NOR,-0.17909830063581467
meat-cattle,NPL,-0.19185509532690048
meat-cattle,NZL,-0.13311185128986835
meat-cattle,OMN,-0.3103116303682327
meat-cattle,PAK,-0.19118113815784454
meat-cattle,PAN,-0.16066893935203552
meat-cattle,PER,-0.2625800669193268
meat-cattle,PHL,-0.20778658986091614
meat-cattle,PNG,-0.19360419362783432
meat-cattle,POL,-0.09119156189262867
meat-cattle,PRI,-0.19858358800411224
meat-cattle,PRT,-0.1312337927520275
meat-cattle,PRY,-0.14085257053375244
meat-cattle,PSE,-0.2181534469127655
meat-cattle,ROU,-0.11264248564839363
meat-cattle,RUS,-0.16820815950632095
meat-cattle,RWA,-0.17519214376807213
meat-cattle,SAU,-0.07060004211962223
meat-cattle,SDN,-0.17504483833909035
meat-cattle,SEN,-0.29388368129730225
meat-cattle,SLB,-0.17633860558271408
meat-cattle,SLE,-0.1463835295289755
meat-cattle,SLV,-0.24733329564332962
meat-cattle,SOM,-0.21334660798311234
meat-cattle,SRB,-0.0988286342471838
meat-cattle,SSD,-0.16468569822609425
meat-cattle,STP,-0.2662050798535347
meat-cattle,SUR,-0.2655857354402542
meat-cattle,SVK,-0.14340724050998688
meat-cattle,SVN,-0.1349075585603714
meat-cattle,SWE,-0.14980877935886383
meat-cattle,SWZ,-0.2933136224746704
meat-cattle,SYR,-0.24307681620121002
meat-cattle,TCD,-0.18853271380066872
meat-cattle,TGO,-0.21640753000974655
meat-cattle,THA,-0.1812412403523922
meat-cattle,TJK,-0.14229006320238113
meat-cattle,TKM,-0.14989794418215752
meat-cattle,TLS,-0.2525584548711777
meat-cattle,TTO,-0.1649148240685463
meat-cattle,TUN,-0.21619926393032074
meat-cattle,TUR,-0.13050814159214497
meat-cattle,TWN,-0.27092206478118896
meat-cattle,TZA,-0.23139216005802155
meat-cattle,UGA,-0.3022608608007431
meat-cattle,UKR,-0.12159442529082298
meat-cattle,URY,-0.20569848269224167
meat-cattle,USA,-0.0558537975884974
meat-cattle,UZB,-0.15323029458522797
meat-cattle,VEN,-0.2572599947452545
meat-cattle,VNM,-0.18563362024724483
meat-cattle,VUT,-0.226098895072937
meat-cattle,YEM,-0.19299909844994545
meat-cattle,ZAF,-0.24583645164966583
meat-cattle,ZMB,-0.18343458324670792
meat-cattle,ZWE,-0.5930417478084564
meat-chicken,AFG,-0.1689174473285675
meat-chicken,AGO,-0.05176340416073799
meat-chicken,ALB,0.04375509172677994
meat-chicken,ARE,0.016676031053066254
meat-chicken,ARG,0.031128205358982086
meat-chicken,ARM,0.043498557060956955
meat-chicken,ASM,-0.0
meat-chicken,ATG,0.026732532307505608
meat-chicken,AUS,-0.0021537235006690025
meat-chicken,AUT,0.01658921130001545
meat-chicken,AZE,0.03236456215381622
meat-chicken,BDI,-0.2106330692768097
meat-chicken,BEL,0.011580260470509529
meat-chicken,BEN,-0.22252468764781952
meat-chicken,BFA,-0.2342992126941681
meat-chicken,BGD,-0.18149513006210327
meat-chicken,BGR,0.012624901719391346
meat-chicken,BHS,0.016142327338457108
meat-chicken,BIH,0.022635236382484436
meat-chicken,BLR,0.004863236099481583
meat-chicken,BLZ,0.014598283916711807
meat-chicken,BOL,-0.020165789872407913
meat-chicken,BRA,0.002010209020227194
meat-chicken,BRB,0.009703022427856922
meat-chicken,BRN,-0.020546820014715195
meat-chicken,BTN,-0.16656802594661713
meat-chicken,BWA,-0.1721789687871933
meat-chicken,CAF,-0.17857567965984344
meat-chicken,CAN,0.049569983035326004
meat-chicken,CHE,0.019550969824194908
meat-chicken,CHL,0.026218967512249947
meat-chicken,CHN,-0.0
meat-chicken,CIV,-0.1367734968662262
meat-chicken,CMR,-0.14898139238357544
meat-chicken,COD,-0.20219209790229797
meat-chicken,COG,-0.14221525192260742
meat-chicken,COL,0.02187817543745041
meat-chicken,COM,-0.15245528519153595
meat-chicken,CPV,-0.06896906346082687
meat-chicken,CRI,0.020531322807073593
meat-chicken,CUB,0.03087618760764599
meat-chicken,CYP,-0.0015966795617714524
meat-chicken,CZE,0.013594469986855984
meat-chicken,DEU,0.013419182039797306
meat-chicken,DJI,-0.0
meat-chicken,DNK,0.00237049488350749
meat-chicken,DOM,0.018050720915198326
meat-chicken,DZA,-0.05301475524902344
meat-chicken,ECU,-0.011203483678400517
meat-chicken,EGY,-0.06189221888780594
meat-chicken,ERI,-0.2149096131324768
meat-chicken,ESP,0.037956561893224716
meat-chicken,EST,0.03193776309490204
meat-chicken,ETH,-0.2106344848871231
meat-chicken,FIN,0.0035224284511059523
meat-chicken,FJI,-0.00282486155629158
meat-chicken,FRA,0.03947862237691879
meat-chicken,GAB,-0.06861072778701782
meat-chicken,GBR,-0.0024101389572024345
meat-chicken,GEO,0.03231329843401909
meat-chicken,GHA,-0.17630185186862946
meat-chicken,GIN,-0.20476152002811432
meat-chicken,GMB,-0.17382635176181793
meat-chicken,GNB,-0.23104697465896606
meat-chicken,GNQ,-0.06908098608255386
meat-chicken,GRC,0.040013544261455536
meat-chicken,GRD,0.02281142771244049
meat-chicken,GTM,-0.00675349123775959
meat-chicken,GUF,-0.0
meat-chicken,GUY,-0.013825521804392338
meat-chicken,HND,-0.00912398286163807
meat-chicken,HRV,0.01254033949226141
meat-chicken,HTI,-0.13859620690345764
meat-chicken,HUN,0.015389456413686275
meat-chicken,IDN,-0.07980773597955704
meat-chicken,IND,-0.04486054927110672
meat-chicken,IRL,-0.0032507784198969603
meat-chicken,IRN,-0.010030016303062439
meat-chicken,IRQ,0.007093757390975952
meat-chicken,ISL,0.0022370358929038048
meat-chicken,ISR,-0.012900210916996002
meat-chicken,ITA,0.006609644740819931
meat-chicken,JAM,-0.0010624142596498132
meat-chicken,JOR,0.0005419483059085906
meat-chicken,JPN,0.009854097850620747
meat-chicken,KAZ,0.036802493035793304
meat-chicken,KEN,-0.18115180730819702
meat-chicken,KGZ,-0.07779514789581299
meat-chicken,KHM,-0.14356990158557892
meat-chicken,KOR,-0.011790093034505844
meat-chicken,LAO,-0.16102978587150574
meat-chicken,LBN,-0.008767692372202873
meat-chicken,LBR,-0.23684366047382355
meat-chicken,LBY,-0.05245448276400566
meat-chicken,LKA,-0.02388790436089039
meat-chicken,LSO,-0.20613154768943787
meat-chicken,LTU,0.021193431690335274
meat-chicken,LUX,-0.0
meat-chicken,LVA,0.034989744424819946
meat-chicken,MAR,-0.0746041014790535
meat-chicken,MDA,0.029149850830435753
meat-chicken,MDG,-0.1654663383960724
meat-chicken,MEX,0.036177124828100204
meat-chicken,MKD,0.028887007385492325
meat-chicken,MLI,-0.22855675220489502
meat-chicken,MLT,0.03273669257760048
meat-chicken,MMR,-0.1860356479883194
meat-chicken,MNE,0.021612992510199547
meat-chicken,MNG,-0.0
meat-chicken,MOZ,-0.2156507819890976
meat-chicken,MRT,-0.12800148129463196
meat-chicken,MUS,-0.08258215337991714
meat-chicken,MWI,-0.19847407937049866
meat-chicken,MYS,-0.02908327616751194
meat-chicken,NAM,-0.08224324882030487
meat-chicken,NER,-0.22658905386924744
meat-chicken,NGA,-0.14265964925289154
meat-chicken,NIC,-0.02997766062617302
meat-chicken,NLD,0.022474128752946854
meat-chicken,NOR,-0.0010269886115565896
meat-chicken,NPL,-0.13525390625
meat-chicken,NZL,-0.038401100784540176
meat-chicken,OMN,-0.14142464101314545
meat-chicken,PAK,-0.06178472936153412
meat-chicken,PAN,0.01589178293943405
meat-chicken,PER,-0.01923907734453678
meat-chicken,PHL,-0.08223766833543777
meat-chicken,PNG,-0.10596786439418793
meat-chicken,POL,0.012231520377099514
meat-chicken,PRI,0.019144946709275246
meat-chicken,PRT,0.026843396946787834
meat-chicken,PRY,0.03735150024294853
meat-chicken,PSE,-0.03210745379328728
meat-chicken,ROU,-0.0
meat-chicken,RUS,0.04985567927360535
meat-chicken,RWA,-0.21110470592975616
meat-chicken,SAU,0.015440826304256916
meat-chicken,SDN,-0.10901632905006409
meat-chicken,SEN,-0.15246231853961945
meat-chicken,SLB,-0.17913751304149628
meat-chicken,SLE,-0.23566997051239014
meat-chicken,SLV,0.003750113071873784
meat-chicken,SOM,-0.23287975788116455
meat-chicken,SRB,0.019008977338671684
meat-chicken,SSD,-0.06425649672746658
meat-chicken,STP,-0.14414642751216888
meat-chicken,SUR,0.01166780199855566
meat-chicken,SVK,-0.0
meat-chicken,SVN,0.005797653924673796
meat-chicken,SWE,0.009700254537165165
meat-chicken,SWZ,-0.07804004102945328
meat-chicken,SYR,0.014760790392756462
meat-chicken,TCD,-0.21832120418548584
meat-chicken,TGO,-0.150008887052536
meat-chicken,THA,-0.02513553574681282
meat-chicken,TJK,-0.16744312644004822
meat-chicken,TKM,0.031526967883110046
meat-chicken,TLS,-0.1540485918521881
meat-chicken,TTO,0.011150260455906391
meat-chicken,TUN,-0.050404079258441925
meat-chicken,TUR,0.03423541039228439
meat-chicken,TWN,0.00691317580640316
meat-chicken,TZA,-0.22500915825366974
meat-chicken,UGA,-0.22018969058990479
meat-chicken,UKR,-0.010713351890444756
meat-chicken,URY,0.046483445912599564
meat-chicken,USA,0.018186166882514954
meat-chicken,UZB,-0.04075375199317932
meat-chicken,VEN,0.0033678545150905848
meat-chicken,VNM,-0.10971866548061371
meat-chicken,VUT,-0.1379445642232895
meat-chicken,YEM,-0.019078224897384644
meat-chicken,ZAF,-0.08203035593032837
meat-chicken,ZMB,-0.14691556990146637
meat-chicken,ZWE,-0.22210131585597992
meat-pig,AFG,-0.0
meat-pig,AGO,-0.055032894015312195
meat-pig,ALB,-0.014047954231500626
meat-pig,ARE,-0.0
meat-pig,ARG,-0.038317035883665085
meat-pig,ARM,-0.03206243738532066
meat-pig,ASM,-0.0
meat-pig,ATG,-0.03295901417732239
meat-pig,AUS,0.09968527406454086
meat-pig,AUT,0.0005125873140059412
meat-pig,AZE,-0.003596387803554535
meat-pig,BDI,-0.14732655882835388
meat-pig,BEL,-0.020137673243880272
meat-pig,BEN,-0.12526704370975494
meat-pig,BFA,-0.1271773725748062
meat-pig,BGD,-0.0
meat-pig,BGR,-0.0008712158887647092
meat-pig,BHS,-0.010842304676771164
meat-pig,BIH,-0.00377858430147171
meat-pig,BLR,-0.010723508894443512
meat-pig,BLZ,-0.0384216345846653
meat-pig,BOL,-0.05438246205449104
meat-pig,BRA,-0.032850686460733414
meat-pig,BRB,-0.046604037284851074
meat-pig,BRN,0.00759049691259861
meat-pig,BTN,-0.052633192390203476
meat-pig,BWA,-0.11064621061086655
meat-pig,CAF,-0.16546516120433807
meat-pig,CAN,-0.006166998762637377
meat-pig,CHE,-0.012820936739444733
meat-pig,CHL,-0.021067949011921883
meat-pig,CHN,-0.0
meat-pig,CIV,-0.09529771655797958
meat-pig,CMR,-0.09211793541908264
meat-pig,COD,-0.14553719758987427
meat-pig,COG,-0.1260107159614563
meat-pig,COL,-0.028746360912919044
meat-pig,COM,-0.0
meat-pig,CPV,-0.17967349290847778
meat-pig,CRI,-0.031031185761094093
meat-pig,CUB,-0.01678336225450039
meat-pig,CYP,0.006739830132573843
meat-pig,CZE,0.005208074580878019
meat-pig,DEU,-0.007202832028269768
meat-pig,DJI,-0.0
meat-pig,DNK,-0.004950259812176228
meat-pig,DOM,-0.026293015107512474
meat-pig,DZA,-0.05923859402537346
meat-pig,ECU,-0.038654498755931854
meat-pig,EGY,-0.045568957924842834
meat-pig,ERI,-0.0
meat-pig,ESP,-0.03297688812017441
meat-pig,EST,0.026070486754179
meat-pig,ETH,-0.1401103138923645
meat-pig,FIN,-0.010716662742197514
meat-pig,FJI,0.0720171332359314
meat-pig,FRA,-0.00020244577899575233
meat-pig,GAB,-0.025064589455723763
meat-pig,GBR,0.0027733962051570415
meat-pig,GEO,-0.016511401161551476
meat-pig,GHA,-0.06594651937484741
meat-pig,GIN,-0.13657234609127045
meat-pig,GMB,-0.13451559841632843
meat-pig,GNB,-0.15095798671245575
meat-pig,GNQ,-0.012067188508808613
meat-pig,GRC,0.00923090148717165
meat-pig,GRD,-0.06549052894115448
meat-pig,GTM,-0.05022793635725975
meat-pig,GUF,-0.0
meat-pig,GUY,-0.06381003558635712
meat-pig,HND,-0.04722217842936516
meat-pig,HRV,-0.008234544657170773
meat-pig,HTI,-0.11478997766971588
meat-pig,HUN,0.004210954997688532
meat-pig,IDN,-0.05489136651158333
meat-pig,IND,-0.1112411841750145
meat-pig,IRL,-0.006588744465261698
meat-pig,IRN,-0.0
meat-pig,IRQ,-0.0
meat-pig,ISL,-0.00840828474611044
meat-pig,ISR,-0.005003037862479687
meat-pig,ITA,-0.014120199717581272
meat-pig,JAM,-0.051158152520656586
meat-pig,JOR,-0.0
meat-pig,JPN,0.004462539218366146
meat-pig,KAZ,0.01464023906737566
meat-pig,KEN,-0.11412142217159271
meat-pig,KGZ,-0.07957161217927933
meat-pig,KHM,-0.1210997998714447
meat-pig,KOR,-0.009365323930978775
meat-pig,LAO,-0.1589292585849762
meat-pig,LBN,-0.016158543527126312
meat-pig,LBR,-0.14403800666332245
meat-pig,LBY,-0.0
meat-pig,LKA,-0.07451921701431274
meat-pig,LSO,-0.11096393316984177
meat-pig,LTU,0.014198687858879566
meat-pig,LUX,-0.007177446968853474
meat-pig,LVA,0.018201271072030067
meat-pig,MAR,-0.09586647897958755
meat-pig,MDA,-0.016417797654867172
meat-pig,MDG,-0.11883396655321121
meat-pig,MEX,-0.01584004797041416
meat-pig,MKD,-0.010414915159344673
meat-pig,MLI,-0.12163060903549194
meat-pig,MLT,-0.011975950561463833
meat-pig,MMR,-0.1408376544713974
meat-pig,MNE,-0.010894625447690487
meat-pig,MNG,-0.021625569090247154
meat-pig,MOZ,-0.16859190165996552
meat-pig,MRT,-0.0
meat-pig,MUS,-0.04019065946340561
meat-pig,MWI,-0.14223617315292358
meat-pig,MYS,-0.024946141988039017
meat-pig,NAM,-0.07014213502407074
meat-pig,NER,-0.11242950707674026
meat-pig,NGA,-0.11362303048372269
meat-pig,NIC,-0.10615068674087524
meat-pig,NLD,-0.019116917625069618
meat-pig,NOR,-0.012619649060070515
meat-pig,NPL,-0.13788172602653503
meat-pig,NZL,0.08685789257287979
meat-pig,OMN,-0.0
meat-pig,PAK,-0.0
meat-pig,PAN,-0.019099241122603416
meat-pig,PER,-0.07253234833478928
meat-pig,PHL,-0.060505904257297516
meat-pig,PNG,-0.06564206629991531
meat-pig,POL,0.0022950228303670883
meat-pig,PRI,-0.01312024611979723
meat-pig,PRT,0.001419363310560584
meat-pig,PRY,-0.025961799547076225
meat-pig,PSE,-0.0
meat-pig,ROU,0.002241244073957205
meat-pig,RUS,0.026833102107048035
meat-pig,RWA,-0.14665068686008453
meat-pig,SAU,-0.0
meat-pig,SDN,-0.0
meat-pig,SEN,-0.12193961441516876
meat-pig,SLB,-0.06376246362924576
meat-pig,SLE,-0.15332092344760895
meat-pig,SLV,-0.06174635514616966
meat-pig,SOM,-0.15610000491142273
meat-pig,SRB,-0.005823847372084856
meat-pig,SSD,-0.0
meat-pig,STP,-0.19564582407474518
meat-pig,SUR,-0.0398867204785347
meat-pig,SVK,0.014498948119580746
meat-pig,SVN,-0.018002009019255638
meat-pig,SWE,0.003071231534704566
meat-pig,SWZ,-0.068796806037426
meat-pig,SYR,-0.0
meat-pig,TCD,-0.16100269556045532
meat-pig,TGO,-0.13854673504829407
meat-pig,THA,0.0008818124770186841
meat-pig,TJK,-0.11675433069467545
meat-pig,TKM,-0.029740065336227417
meat-pig,TLS,-0.10112575441598892
meat-pig,TTO,-0.02079046703875065
meat-pig,TUN,-0.06518280506134033
meat-pig,TUR,-0.0
meat-pig,TWN,0.033651743084192276
meat-pig,TZA,-0.15925946831703186
meat-pig,UGA,-0.14420859515666962
meat-pig,UKR,-0.011578160338103771
meat-pig,URY,-0.022347131744027138
meat-pig,USA,-0.010288535617291927
meat-pig,UZB,-0.09365557879209518
meat-pig,VEN,-0.021152064204216003
meat-pig,VNM,-0.09746608138084412
meat-pig,VUT,-0.04975922405719757
meat-pig,YEM,-0.0
meat-pig,ZAF,-0.04381202161312103
meat-pig,ZMB,-0.12266211956739426
meat-pig,ZWE,-0.11701502650976181
meat-sheep,AFG,-0.18469344079494476
meat-sheep,AGO,-0.131344398483634
meat-sheep,ALB,-0.20510511845350266
meat-sheep,ARE,-0.10618554148823023
meat-sheep,ARG,-0.08606436802074313
meat-sheep,ARM,-0.15451253578066826
meat-sheep,ASM,-0.0
meat-sheep,ATG,-0.2026466801762581
meat-sheep,AUS,-0.09144126437604427
meat-sheep,AUT,-0.0011844653636217117
meat-sheep,AZE,-0.21551638841629028
meat-sheep,BDI,-0.17882338911294937
meat-sheep,BEL,-0.0183983463793993
meat-sheep,BEN,-0.2069995030760765
meat-sheep,BFA,-0.21581106632947922
meat-sheep,BGD,-0.1512028854340315
meat-sheep,BGR,-0.18551450222730637
meat-sheep,BHS,-0.06523324397858232
meat-sheep,BIH,-0.06139409728348255
meat-sheep,BLR,-0.10778537765145302
meat-sheep,BLZ,-0.08986878767609596
meat-sheep,BOL,-0.1358068324625492
meat-sheep,BRA,-0.1249527744948864
meat-sheep,BRB,-0.413650818169117
meat-sheep,BRN,-0.15381897799670696
meat-sheep,BTN,-0.3910590261220932
meat-sheep,BWA,-0.1752217784523964
meat-sheep,CAF,-0.17787833139300346
meat-sheep,CAN,-0.049710728228092194
meat-sheep,CHE,-0.04801500216126442
meat-sheep,CHL,-0.11390474438667297
meat-sheep,CHN,-0.19593556970357895
meat-sheep,CIV,-0.22525473684072495
meat-sheep,CMR,-0.22054097056388855
meat-sheep,COD,-0.11440746486186981
meat-sheep,COG,-0.13360794261097908
meat-sheep,COL,-0.12817108817398548
meat-sheep,COM,-0.14287352748215199
meat-sheep,CPV,-0.1952352076768875
meat-sheep,CRI,-0.0
meat-sheep,CUB,-0.027486808598041534
meat-sheep,CYP,-0.14813802391290665
meat-sheep,CZE,-0.07173292711377144
meat-sheep,DEU,-0.06976364925503731
meat-sheep,DJI,-0.022527582943439484
meat-sheep,DNK,-0.03449671529233456
meat-sheep,DOM,-0.11806340888142586
meat-sheep,DZA,-0.10686613339930773
meat-sheep,ECU,-0.1335797905921936
meat-sheep,EGY,-0.11733164079487324
meat-sheep,ERI,-0.1591896489262581
meat-sheep,ESP,-0.06310574989765882
meat-sheep,EST,-0.07774602621793747
meat-sheep,ETH,-0.17728899791836739
meat-sheep,FIN,-0.059786271303892136
meat-sheep,FJI,-0.12198970839381218
meat-sheep,FRA,-0.02041555941104889
meat-sheep,GAB,-0.10447894781827927
meat-sheep,GBR,-0.06134391017258167
meat-sheep,GEO,-0.21112794429063797
meat-sheep,GHA,-0.21530239284038544
meat-sheep,GIN,-0.18993187695741653
meat-sheep,GMB,-0.2366754487156868
meat-sheep,GNB,-0.20087723433971405
meat-sheep,GNQ,-0.14786025136709213
meat-sheep,GRC,-0.13079271093010902
meat-sheep,GRD,-0.008738094009459019
meat-sheep,GTM,-0.06532672420144081
meat-sheep,GUF,-0.0
meat-sheep,GUY,-0.14449575543403625
meat-sheep,HND,-0.014772018417716026
meat-sheep,HRV,-0.051979970186948776
meat-sheep,HTI,-0.015342594124376774
meat-sheep,HUN,-0.08726676180958748
meat-sheep,IDN,-0.19395335763692856
meat-sheep,IND,-0.1573041882365942
meat-sheep,IRL,-0.03233054094016552
meat-sheep,IRN,-0.13473417982459068
meat-sheep,IRQ,-0.21951127797365189
meat-sheep,ISL,-0.08126241341233253
meat-sheep,ISR,-0.2317930981516838
meat-sheep,ITA,-0.10403293836861849
meat-sheep,JAM,-0.2302095666527748
meat-sheep,JOR,-0.27921535074710846
meat-sheep,JPN,-0.2539483457803726
meat-sheep,KAZ,-0.2690584659576416
meat-sheep,KEN,-0.1393700111657381
meat-sheep,KGZ,-0.09998091793386266
meat-sheep,KHM,-0.0
meat-sheep,KOR,-0.1238049827516079
meat-sheep,LAO,-0.18980304151773453
meat-sheep,LBN,-0.12888954766094685
meat-sheep,LBR,-0.10825363546609879
meat-sheep,LBY,-0.10377978999167681
meat-sheep,LKA,-0.18956544250249863
meat-sheep,LSO,-0.21357055008411407
meat-sheep,LTU,-0.08006712794303894
meat-sheep,LUX,-0.03589820954948664
meat-sheep,LVA,-0.09929000586271286
meat-sheep,MAR,-0.20643524825572968
meat-sheep,MDA,-0.17816191166639328
meat-sheep,MDG,-0.1229805275797844
meat-sheep,MEX,-0.0
meat-sheep,MKD,-0.13871082663536072
meat-sheep,MLI,-0.21067464351654053
meat-sheep,MLT,-0.1592731922864914
meat-sheep,MMR,-0.14379573985934258
meat-sheep,MNE,-0.13876253366470337
meat-sheep,MNG,-0.023062026128172874
meat-sheep,MOZ,-0.1891033798456192
meat-sheep,MRT,-0.1434015855193138
meat-sheep,MUS,-0.1332209687680006
meat-sheep,MWI,-0.13579099997878075
meat-sheep,MYS,-0.19557269662618637
meat-sheep,NAM,-0.17748280242085457
meat-sheep,NER,-0.2128395065665245
meat-sheep,NGA,-0.10623326897621155
meat-sheep,NIC,-0.0
meat-sheep,NLD,-0.12021409347653389
meat-sheep,NOR,-0.11340432241559029
meat-sheep,NPL,-0.14561975561082363
meat-sheep,NZL,-0.07876426726579666
meat-sheep,OMN,-0.2721736654639244
meat-sheep,PAK,-0.15585078857839108
meat-sheep,PAN,-0.0
meat-sheep,PER,-0.18495888262987137
meat-sheep,PHL,-0.17963597178459167
meat-sheep,PNG,-0.04095999896526337
meat-sheep,POL,-0.09362295269966125
meat-sheep,PRI,-0.010542795062065125
meat-sheep,PRT,-0.013127435930073261
meat-sheep,PRY,-0.08392070140689611
meat-sheep,PSE,-0.218924880027771
meat-sheep,ROU,-0.16124317795038223
meat-sheep,RUS,-0.1436702013015747
meat-sheep,RWA,-0.1296871118247509
meat-sheep,SAU,-0.12022252473980188
meat-sheep,SDN,-0.13814916647970676
meat-sheep,SEN,-0.224920853972435
meat-sheep,SLB,-0.0
meat-sheep,SLE,-0.11027199774980545
meat-sheep,SLV,-0.16435541212558746
meat-sheep,SOM,-0.16490088403224945
meat-sheep,SRB,-0.027584904455579817
meat-sheep,SSD,-0.12602575682103634
meat-sheep,STP,-0.15053844451904297
meat-sheep,SUR,-0.17118417471647263
meat-sheep,SVK,-0.13706696778535843
meat-sheep,SVN,-0.06757019087672234
meat-sheep,SWE,-0.060674769803881645
meat-sheep,SWZ,-0.24135272204875946
meat-sheep,SYR,-0.2417859062552452
meat-sheep,TCD,-0.1399986371397972
meat-sheep,TGO,-0.15203781053423882
meat-sheep,THA,-0.16074130311608315
meat-sheep,TJK,-0.12212773598730564
meat-sheep,TKM,-0.15489989891648293
meat-sheep,TLS,-0.17659834772348404
meat-sheep,TTO,0.005382265895605087
meat-sheep,TUN,-0.20180581510066986
meat-sheep,TUR,-0.1077941507101059
meat-sheep,TWN,-0.0
meat-sheep,TZA,-0.19108379632234573
meat-sheep,UGA,-0.2508920878171921
meat-sheep,UKR,-0.14121848344802856
meat-sheep,URY,-0.1342274248600006
meat-sheep,USA,-0.034883301705121994
meat-sheep,UZB,-0.12207206152379513
meat-sheep,VEN,-0.18891316652297974
meat-sheep,VNM,-0.13452836871147156
meat-sheep,VUT,-0.12505310773849487
meat-sheep,YEM,-0.12771480157971382
meat-sheep,ZAF,-0.17035435885190964
meat-sheep,ZMB,-0.14310397580266
meat-sheep,ZWE,-0.5591972917318344
